Home_Team,Away_Team,Result,Link,Season,Round,League,Number_Teams,Total_Rounds,Label,Goals_For_Home,Goals_For_Away,Position_Home,Points_Home,Total_Wins_Home,Total_Draw_Home,Total_Lose_Home,Total_Goals_For_Home_Team,Total_Goals_Against_Home_Team,Total_Streak_Home,Wins_When_Home,Draw_When_Home,Lose_When_Home,Goals_For_When_Home,Goals_Against_When_Home,Position_Away,Points_Away,Total_Wins_Away,Total_Draw_Away,Total_Lose_Away,Total_Goals_For_Away_Team,Total_Goals_Against_Away_Team,Total_Streak_Away,Wins_When_Away,Draw_When_Away,Lose_When_Away,Goals_For_When_Away,Goals_Against_When_Away,Streak_When_Home,Streak_When_Away,Elo_Home,Elo_Away
Kaiserslautern,Köln,1-0,https://www.besoccer.com/match/kaiserslautern/1-fc-koln/19931,1993,1,bundesliga,18,34,0,1,0,0,0,0,0,0,0,0,0.0,0,0,0,0,0,0,0,0,0,0,0,0,0.0,0,0,0,0,0,0.0,0.0,83.0,84.0
Nürnberg,Werder Bremen,0-0,https://www.besoccer.com/match/fc-nurnberg/werder-bremen/19932,1993,1,bundesliga,18,34,1,0,0,0,0,0,0,0,0,0,0.0,0,0,0,0,0,0,0,0,0,0,0,0,0.0,0,0,0,0,0,0.0,0.0,76.0,86.0
B. Leverkusen,Saarbrücken,1-1,https://www.besoccer.com/match/bayer-leverkusen/saarbrucken/19933,1993,1,bundesliga,18,34,1,1,1,0,0,0,0,0,0,0,0.0,0,0,0,0,0,0,0,0,0,0,0,0,0.0,0,0,0,0,0,0.0,0.0,81.0,63.0
VfL Bochum,B. Dortmund,2-2,https://www.besoccer.com/match/bochum/borussia-dortmund/19934,1993,1,bundesliga,18,34,1,2,2,0,0,0,0,0,0,0,0.0,0,0,0,0,0,0,0,0,0,0,0,0,0.0,0,0,0,0,0,0.0,0.0,74.0,83.0
KFC Uerdingen 05,Bayern München,0-3,https://www.besoccer.com/match/kfc-uerdingen-05/bayern-munchen/19935,1993,1,bundesliga,18,34,2,0,3,0,0,0,0,0,0,0,0.0,0,0,0,0,0,0,0,0,0,0,0,0,0.0,0,0,0,0,0,0.0,0.0,69.0,87.0
Hamburger SV,Stuttgart,1-1,https://www.besoccer.com/match/hamburger-sv/stuttgart/19936,1993,1,bundesliga,18,34,1,1,1,0,0,0,0,0,0,0,0.0,0,0,0,0,0,0,0,0,0,0,0,0,0.0,0,0,0,0,0,0.0,0.0,80.0,85.0
Schalke 04,Wattenscheid 09,3-4,https://www.besoccer.com/match/schalke-04/wattenscheid-09/19937,1993,1,bundesliga,18,34,2,3,4,0,0,0,0,0,0,0,0.0,0,0,0,0,0,0,0,0,0,0,0,0,0.0,0,0,0,0,0,0.0,0.0,72.0,69.0
Eintracht Frankfurt,Dynamo Dresden,1-1,https://www.besoccer.com/match/eintracht-frankfurt/sg-dynamo-dresden/19938,1993,1,bundesliga,18,34,1,1,1,0,0,0,0,0,0,0,0.0,0,0,0,0,0,0,0,0,0,0,0,0,0.0,0,0,0,0,0,0.0,0.0,82.0,71.0
Karlsruher SC,B. Mönchengladbach,4-2,https://www.besoccer.com/match/karlsruher-sc/borussia-monchengla/19939,1993,1,bundesliga,18,34,0,4,2,0,0,0,0,0,0,0,0.0,0,0,0,0,0,0,0,0,0,0,0,0,0.0,0,0,0,0,0,0.0,0.0,76.0,79.0
Wattenscheid 09,KFC Uerdingen 05,1-1,https://www.besoccer.com/match/wattenscheid-09/kfc-uerdingen-05/199311,1993,2,bundesliga,18,34,1,1,1,3,3,1,0,0,4,3,3.0,0,0,0,0,0,15,0,0,0,1,0,3,0.0,0,0,0,0,0,0.0,0.0,69.0,69.0
Dynamo Dresden,Hamburger SV,1-1,https://www.besoccer.com/match/sg-dynamo-dresden/hamburger-sv/199310,1993,2,bundesliga,18,34,1,1,1,9,1,0,1,0,1,1,1.0,0,0,0,0,0,13,1,0,1,0,1,1,1.0,0,0,0,0,0,0.0,0.0,71.0,80.0
Stuttgart,Nürnberg,3-0,https://www.besoccer.com/match/stuttgart/fc-nurnberg/199312,1993,2,bundesliga,18,34,0,3,0,14,1,0,1,0,1,1,1.0,0,0,0,0,0,11,1,0,1,0,0,0,1.0,0,0,0,0,0,0.0,0.0,85.0,77.0
B. Mönchengladbach,VfL Bochum,1-1,https://www.besoccer.com/match/borussia-monchengla/bochum/199313,1993,2,bundesliga,18,34,1,1,1,16,0,0,0,1,2,4,0.0,0,0,0,0,0,10,1,0,1,0,2,2,1.0,0,0,0,0,0,0.0,0.0,79.0,74.0
Werder Bremen,B. Leverkusen,1-1,https://www.besoccer.com/match/werder-bremen/bayer-leverkusen/199314,1993,2,bundesliga,18,34,1,1,1,8,1,0,1,0,0,0,1.0,0,0,0,0,0,5,1,0,1,0,1,1,1.0,0,0,0,0,0,0.0,0.0,86.0,80.0
Saarbrücken,Karlsruher SC,2-0,https://www.besoccer.com/match/saarbrucken/karlsruher-sc/199315,1993,2,bundesliga,18,34,0,2,0,7,1,0,1,0,1,1,1.0,0,0,0,0,0,4,3,1,0,0,4,2,3.0,0,0,0,0,0,0.0,0.0,63.0,77.0
Köln,Eintracht Frankfurt,0-1,https://www.besoccer.com/match/1-fc-koln/eintracht-frankfurt/199316,1993,2,bundesliga,18,34,2,0,1,18,0,0,0,1,0,1,0.0,0,0,0,0,0,12,1,0,1,0,1,1,1.0,0,0,0,0,0,0.0,0.0,83.0,82.0
Bayern München,Kaiserslautern,1-0,https://www.besoccer.com/match/bayern-munchen/kaiserslautern/199317,1993,2,bundesliga,18,34,0,1,0,2,3,1,0,0,3,0,3.0,0,0,0,0,0,1,3,1,0,0,1,0,3.0,0,0,0,0,0,0.0,0.0,87.0,84.0
B. Dortmund,Schalke 04,0-2,https://www.besoccer.com/match/borussia-dortmund/schalke-04/199318,1993,2,bundesliga,18,34,2,0,2,6,1,0,1,0,2,2,1.0,0,0,0,0,0,17,0,0,0,1,3,4,0.0,0,0,0,0,0,0.0,0.0,83.0,72.0
Schalke 04,B. Mönchengladbach,1-2,https://www.besoccer.com/match/schalke-04/borussia-monchengla/199319,1993,3,bundesliga,18,34,2,1,2,8,3,1,0,1,5,4,3.0,0,0,1,3,4,17,1,0,1,1,3,5,1.0,0,0,1,2,4,0.0,0.0,72.0,79.0
B. Leverkusen,Stuttgart,4-0,https://www.besoccer.com/match/bayer-leverkusen/stuttgart/199320,1993,3,bundesliga,18,34,0,4,0,13,2,0,2,0,2,2,1.8,0,1,0,1,1,3,4,1,1,0,4,1,3.8,0,1,0,1,1,1.0,1.0,81.0,85.0
KFC Uerdingen 05,B. Dortmund,0-2,https://www.besoccer.com/match/kfc-uerdingen-05/borussia-dortmund/199321,1993,3,bundesliga,18,34,2,0,2,16,1,0,1,1,1,4,1.0,0,0,1,0,3,15,1,0,1,1,2,4,0.8,0,1,0,2,2,0.0,1.0,69.0,82.0
Hamburger SV,Nürnberg,0-1,https://www.besoccer.com/match/hamburger-sv/fc-nurnberg/199322,1993,3,bundesliga,18,34,2,0,1,9,2,0,2,0,2,2,1.8,0,1,0,1,1,14,1,0,1,1,0,3,0.8,0,0,1,0,3,1.0,0.0,80.0,76.0
Dynamo Dresden,Köln,3-0,https://www.besoccer.com/match/sg-dynamo-dresden/1-fc-koln/199323,1993,3,bundesliga,18,34,0,3,0,11,2,0,2,0,2,2,1.8,0,1,0,1,1,18,0,0,0,2,0,2,0.0,0,0,1,0,1,1.0,0.0,71.0,83.0
Karlsruher SC,Werder Bremen,5-2,https://www.besoccer.com/match/karlsruher-sc/werder-bremen/199324,1993,3,bundesliga,18,34,0,5,2,7,3,1,0,1,4,4,2.4000000000000004,1,0,0,4,2,12,2,0,2,0,1,1,1.8,0,1,0,0,0,3.0,1.0,76.0,86.0
VfL Bochum,Saarbrücken,4-0,https://www.besoccer.com/match/bochum/saarbrucken/199325,1993,3,bundesliga,18,34,0,4,0,10,2,0,2,0,3,3,1.8,0,1,0,2,2,4,4,1,1,0,3,1,3.8,0,1,0,1,1,1.0,1.0,74.0,64.0
Kaiserslautern,Wattenscheid 09,4-1,https://www.besoccer.com/match/kaiserslautern/wattenscheid-09/199326,1993,3,bundesliga,18,34,0,4,1,6,3,1,0,1,1,1,2.4000000000000004,1,0,0,1,0,2,4,1,1,0,5,4,3.4000000000000004,1,0,0,4,3,3.0,3.0,83.0,69.0
Eintracht Frankfurt,Bayern München,1-1,https://www.besoccer.com/match/eintracht-frankfurt/bayern-munchen/199327,1993,3,bundesliga,18,34,1,1,1,5,4,1,1,0,2,1,3.8,0,1,0,1,1,1,6,2,0,0,4,0,5.4,1,0,0,3,0,1.0,3.0,83.0,87.0
Nürnberg,B. Leverkusen,0-1,https://www.besoccer.com/match/fc-nurnberg/bayer-leverkusen/199328,1993,4,bundesliga,18,34,2,0,1,11,4,1,1,1,1,3,3.6,0,1,0,0,0,4,5,1,2,0,6,2,4.4,0,1,0,1,1,1.0,1.0,77.0,81.0
B. Mönchengladbach,KFC Uerdingen 05,0-4,https://www.besoccer.com/match/borussia-monchengla/kfc-uerdingen-05/199329,1993,4,bundesliga,18,34,2,0,4,13,4,1,1,1,5,6,3.8,0,1,0,1,1,17,1,0,1,2,1,6,0.8,0,1,0,1,1,1.0,1.0,79.0,69.0
Wattenscheid 09,Eintracht Frankfurt,1-2,https://www.besoccer.com/match/wattenscheid-09/eintracht-frankfurt/199330,1993,4,bundesliga,18,34,2,1,2,8,4,1,1,1,6,8,2.5999999999999996,0,1,0,1,1,7,5,1,2,0,3,2,4.0,1,0,0,1,0,1.0,3.0,69.0,82.0
Bayern München,Dynamo Dresden,3-1,https://www.besoccer.com/match/bayern-munchen/sg-dynamo-dresden/199331,1993,4,bundesliga,18,34,0,3,1,1,7,2,1,0,5,1,5.2,1,0,0,1,0,5,5,1,2,0,5,2,4.4,0,1,0,1,1,3.0,1.0,87.0,72.0
Werder Bremen,VfL Bochum,3-1,https://www.besoccer.com/match/werder-bremen/bochum/199332,1993,4,bundesliga,18,34,0,3,1,16,2,0,2,1,3,6,1.4,0,1,0,1,1,6,5,1,2,0,7,3,4.4,0,1,0,1,1,1.0,1.0,85.0,75.0
Stuttgart,Karlsruher SC,2-1,https://www.besoccer.com/match/stuttgart/karlsruher-sc/199333,1993,4,bundesliga,18,34,0,2,1,10,4,1,1,1,4,5,3.0000000000000004,1,0,0,3,0,3,6,2,0,1,9,6,4.8,0,0,1,0,2,3.0,0.0,85.0,77.0
Köln,Hamburger SV,2-2,https://www.besoccer.com/match/1-fc-koln/hamburger-sv/199334,1993,4,bundesliga,18,34,1,2,2,18,0,0,0,3,0,5,0.0,0,0,1,0,1,15,2,0,2,1,2,3,1.4,0,1,0,1,1,0.0,1.0,83.0,80.0
Saarbrücken,Schalke 04,1-3,https://www.besoccer.com/match/saarbrucken/schalke-04/199335,1993,4,bundesliga,18,34,2,1,3,9,4,1,1,1,3,5,3.0000000000000004,1,0,0,2,0,14,3,1,0,2,6,6,2.4000000000000004,1,0,0,2,0,3.0,3.0,64.0,72.0
B. Dortmund,Kaiserslautern,1-0,https://www.besoccer.com/match/borussia-dortmund/kaiserslautern/199336,1993,4,bundesliga,18,34,0,1,0,12,4,1,1,1,4,4,3.6,0,0,1,0,2,2,6,2,0,1,5,2,4.8,0,0,1,0,1,0.0,0.0,82.0,84.0
Schalke 04,Werder Bremen,0-0,https://www.besoccer.com/match/schalke-04/werder-bremen/199337,1993,5,bundesliga,18,34,1,0,0,8,6,2,0,2,9,7,4.8,0,0,2,4,6,11,5,1,2,1,6,7,4.0,0,1,1,2,5,0.0,0.8,72.0,85.0
Eintracht Frankfurt,B. Dortmund,4-1,https://www.besoccer.com/match/eintracht-frankfurt/borussia-dortmund/199338,1993,5,bundesliga,18,34,0,4,1,2,8,2,2,0,5,3,6.0,0,2,0,2,2,4,7,2,1,1,5,4,5.800000000000001,1,1,0,4,2,1.8,3.8,83.0,83.0
Karlsruher SC,Nürnberg,1-1,https://www.besoccer.com/match/karlsruher-sc/fc-nurnberg/199339,1993,5,bundesliga,18,34,1,1,1,7,6,2,0,2,10,8,3.6000000000000005,2,0,0,9,4,14,4,1,1,2,1,4,2.8000000000000003,1,0,1,1,3,5.4,3.0,76.0,76.0
Dynamo Dresden,Wattenscheid 09,2-1,https://www.besoccer.com/match/sg-dynamo-dresden/wattenscheid-09/199340,1993,5,bundesliga,18,34,0,2,1,10,5,1,2,1,6,5,3.4000000000000004,1,1,0,4,1,12,4,1,1,2,7,10,1.8000000000000003,1,0,1,5,7,3.8,2.4000000000000004,72.0,68.0
Kaiserslautern,B. Mönchengladbach,0-0,https://www.besoccer.com/match/kaiserslautern/borussia-monchengla/199341,1993,5,bundesliga,18,34,1,0,0,6,6,2,0,2,5,3,3.6000000000000005,2,0,0,5,1,15,4,1,1,2,5,10,3.0000000000000004,1,0,1,4,5,5.4,3.0,83.0,78.0
Köln,Bayern München,1-3,https://www.besoccer.com/match/1-fc-koln/bayern-munchen/199342,1993,5,bundesliga,18,34,2,1,3,18,1,0,1,3,2,7,1.0,0,1,1,2,3,1,10,3,1,0,8,2,6.8,1,1,0,4,1,1.0,3.4000000000000004,83.0,87.0
Hamburger SV,B. Leverkusen,0-0,https://www.besoccer.com/match/hamburger-sv/bayer-leverkusen/199343,1993,5,bundesliga,18,34,1,0,0,17,3,0,3,1,4,5,2.0,0,1,1,1,2,3,8,2,2,0,7,2,6.4,1,1,0,2,1,0.8,3.8,80.0,81.0
KFC Uerdingen 05,Saarbrücken,1-1,https://www.besoccer.com/match/kfc-uerdingen-05/saarbrucken/199344,1993,5,bundesliga,18,34,1,1,1,16,4,1,1,2,5,6,3.6,0,0,2,0,5,13,4,1,1,2,4,8,2.1999999999999997,0,1,1,1,5,0.0,0.8,70.0,63.0
VfL Bochum,Stuttgart,0-0,https://www.besoccer.com/match/bochum/stuttgart/199345,1993,5,bundesliga,18,34,1,0,0,9,5,1,2,1,8,6,3.4000000000000004,1,1,0,6,2,5,7,2,1,1,6,6,5.199999999999999,0,1,1,1,5,3.8,0.8,75.0,85.0
B. Mönchengladbach,Eintracht Frankfurt,3-3,https://www.besoccer.com/match/borussia-monchengla/eintracht-frankfurt/199346,1993,6,bundesliga,18,34,1,3,3,14,5,1,2,2,5,10,3.1999999999999997,0,1,1,1,5,2,11,3,2,0,9,4,7.4,2,0,0,3,1,0.8,5.4,78.0,83.0
B. Dortmund,Dynamo Dresden,3-0,https://www.besoccer.com/match/borussia-dortmund/sg-dynamo-dresden/199347,1993,6,bundesliga,18,34,0,3,0,9,7,2,1,2,6,8,4.4,1,0,1,1,2,5,8,2,2,1,8,6,5.4,0,1,1,2,4,3.0,0.8,82.0,72.0
Stuttgart,Schalke 04,1-0,https://www.besoccer.com/match/stuttgart/schalke-04/199348,1993,6,bundesliga,18,34,0,1,0,4,8,2,2,1,6,6,4.800000000000001,2,0,0,5,1,8,7,2,1,2,9,7,4.6000000000000005,2,0,0,5,1,5.4,5.4,85.0,72.0
Bayern München,Hamburger SV,4-0,https://www.besoccer.com/match/bayern-munchen/hamburger-sv/199349,1993,6,bundesliga,18,34,0,4,0,1,13,4,1,0,11,3,7.800000000000001,2,0,0,4,1,17,4,0,4,1,4,5,2.4000000000000004,0,2,0,3,3,5.4,1.8,88.0,80.0
Saarbrücken,Kaiserslautern,2-0,https://www.besoccer.com/match/saarbrucken/kaiserslautern/199350,1993,6,bundesliga,18,34,0,2,0,12,5,1,2,2,5,9,2.4000000000000004,1,0,1,3,3,6,7,2,1,2,5,3,3.4,0,0,2,0,2,2.4000000000000004,0.0,63.0,83.0
B. Leverkusen,Karlsruher SC,5-1,https://www.besoccer.com/match/bayer-leverkusen/karlsruher-sc/199351,1993,6,bundesliga,18,34,0,5,1,3,9,2,3,0,7,2,5.800000000000001,1,1,0,5,1,7,7,2,1,2,11,9,3.4,0,0,2,1,4,3.8,0.0,81.0,76.0
Wattenscheid 09,Köln,4-2,https://www.besoccer.com/match/wattenscheid-09/1-fc-koln/199352,1993,6,bundesliga,18,34,0,4,2,16,4,1,1,3,8,12,1.0,0,1,1,2,3,18,1,0,1,4,3,10,0.8,0,0,2,0,4,0.8,0.0,68.0,83.0
Nürnberg,VfL Bochum,2-1,https://www.besoccer.com/match/fc-nurnberg/bochum/199353,1993,6,bundesliga,18,34,0,2,1,13,5,1,2,2,2,5,3.0,0,1,1,0,1,10,6,1,3,1,8,6,3.4,0,1,1,2,4,0.8,0.8,77.0,75.0
Werder Bremen,KFC Uerdingen 05,2-1,https://www.besoccer.com/match/werder-bremen/kfc-uerdingen-05/199354,1993,6,bundesliga,18,34,0,2,1,11,6,1,3,1,6,7,4.0,1,1,0,4,2,15,5,1,2,2,6,7,3.8000000000000003,1,1,0,5,1,3.8,3.8,85.0,70.0
Dynamo Dresden,B. Mönchengladbach,1-0,https://www.besoccer.com/match/sg-dynamo-dresden/borussia-monchengla/199355,1993,7,bundesliga,18,34,0,1,0,7,8,2,2,2,8,9,3.8000000000000007,2,1,0,6,2,15,6,1,3,2,8,13,3.2,1,1,1,4,5,6.0,3.4000000000000004,71.0,78.0
VfL Bochum,B. Leverkusen,2-2,https://www.besoccer.com/match/bochum/bayer-leverkusen/199356,1993,7,bundesliga,18,34,1,2,2,14,6,1,3,2,9,8,2.2,1,2,0,6,2,2,12,3,3,0,12,3,7.0,1,2,0,2,1,4.0,4.0,74.0,82.0
Hamburger SV,Karlsruher SC,1-2,https://www.besoccer.com/match/hamburger-sv/karlsruher-sc/199357,1993,7,bundesliga,18,34,2,1,2,17,4,0,4,2,4,9,1.6,0,2,1,1,2,12,7,2,1,3,12,14,2.0,0,0,3,2,9,1.6,0.0,80.0,76.0
Schalke 04,Nürnberg,0-0,https://www.besoccer.com/match/schalke-04/fc-nurnberg/199358,1993,7,bundesliga,18,34,1,0,0,13,7,2,1,3,9,8,3.2,0,1,2,4,6,9,8,2,2,2,4,6,5.0,1,1,1,2,4,1.0,3.4000000000000004,72.0,77.0
Kaiserslautern,Werder Bremen,3-1,https://www.besoccer.com/match/kaiserslautern/werder-bremen/199359,1993,7,bundesliga,18,34,0,3,1,11,7,2,1,3,5,5,2.0,2,1,0,5,1,6,9,2,3,1,8,8,5.8,0,2,1,2,5,5.2,1.6,83.0,85.0
Bayern München,Wattenscheid 09,1-1,https://www.besoccer.com/match/bayern-munchen/wattenscheid-09/199360,1993,7,bundesliga,18,34,1,1,1,1,16,5,1,0,15,3,8.2,3,0,0,8,1,10,7,2,1,3,12,14,3.2,1,0,2,6,9,7.2,1.7999999999999998,88.0,69.0
Eintracht Frankfurt,Saarbrücken,1-1,https://www.besoccer.com/match/eintracht-frankfurt/saarbrucken/199361,1993,7,bundesliga,18,34,1,1,1,3,12,3,3,0,12,7,6.2,1,2,0,6,3,8,8,2,2,2,7,9,4.4,0,2,1,2,6,4.4,1.6,83.0,64.0
KFC Uerdingen 05,Stuttgart,3-3,https://www.besoccer.com/match/kfc-uerdingen-05/stuttgart/199362,1993,7,bundesliga,18,34,1,3,3,16,5,1,2,3,7,9,2.8,0,1,2,1,6,4,11,3,2,1,7,6,6.2,0,2,1,1,5,1.0,1.6,70.0,85.0
Köln,B. Dortmund,0-1,https://www.besoccer.com/match/1-fc-koln/borussia-dortmund/199363,1993,7,bundesliga,18,34,2,0,1,18,1,0,1,5,5,14,0.6,0,1,2,3,6,5,10,3,1,2,9,8,6.0,1,1,1,5,6,0.8,3.0000000000000004,82.0,83.0
Saarbrücken,Dynamo Dresden,1-1,https://www.besoccer.com/match/saarbrucken/sg-dynamo-dresden/199364,1993,8,bundesliga,18,34,1,1,1,10,9,2,3,2,8,10,4.0,2,0,1,5,3,6,11,3,2,2,9,9,5.4,0,1,2,2,7,4.8,0.6,64.0,72.0
B. Dortmund,Bayern München,1-2,https://www.besoccer.com/match/borussia-dortmund/bayern-munchen/199365,1993,8,bundesliga,18,34,2,1,2,3,13,4,1,2,10,8,7.200000000000001,2,0,1,4,2,1,17,5,2,0,16,4,6.6000000000000005,2,1,0,7,2,5.4,5.6,83.0,88.0
B. Leverkusen,Schalke 04,6-1,https://www.besoccer.com/match/bayer-leverkusen/schalke-04/199366,1993,8,bundesliga,18,34,0,6,1,4,13,3,4,0,14,5,5.800000000000001,2,1,0,10,2,12,8,2,2,3,9,8,2.8000000000000003,2,0,1,5,2,6.0,4.2,81.0,72.0
Nürnberg,KFC Uerdingen 05,2-0,https://www.besoccer.com/match/fc-nurnberg/kfc-uerdingen-05/199367,1993,8,bundesliga,18,34,0,2,0,11,9,2,3,2,4,6,4.6000000000000005,1,1,1,2,2,16,6,1,3,3,10,12,2.8000000000000003,1,1,1,6,3,3.6,3.0000000000000004,77.0,70.0
Karlsruher SC,VfL Bochum,1-0,https://www.besoccer.com/match/karlsruher-sc/bochum/199368,1993,8,bundesliga,18,34,0,1,0,8,10,3,1,3,14,15,4.2,2,1,0,10,5,14,7,1,4,2,11,10,2.2,0,1,2,3,6,5.2,0.6,77.0,74.0
Wattenscheid 09,Hamburger SV,2-2,https://www.besoccer.com/match/wattenscheid-09/hamburger-sv/199369,1993,8,bundesliga,18,34,1,2,2,13,8,2,2,3,13,15,3.4000000000000004,1,1,1,6,5,17,4,0,4,3,5,11,1.0,0,2,1,3,7,3.6,1.4,69.0,79.0
B. Mönchengladbach,Köln,1-2,https://www.besoccer.com/match/borussia-monchengla/1-fc-koln/199370,1993,8,bundesliga,18,34,2,1,2,15,6,1,3,3,8,14,2.0,0,2,1,4,8,18,1,0,1,6,5,15,0.4,0,0,3,2,8,1.6,0.0,78.0,82.0
Werder Bremen,Eintracht Frankfurt,0-0,https://www.besoccer.com/match/werder-bremen/eintracht-frankfurt/199371,1993,8,bundesliga,18,34,1,0,0,9,9,2,3,2,9,11,4.200000000000001,2,1,0,6,3,2,13,3,4,0,13,8,5.0,2,1,0,6,4,6.0,5.2,85.0,83.0
Stuttgart,Kaiserslautern,3-1,https://www.besoccer.com/match/stuttgart/kaiserslautern/199372,1993,8,bundesliga,18,34,0,3,1,5,12,3,3,1,10,9,5.200000000000001,3,0,0,6,1,7,10,3,1,3,8,6,4.2,0,0,3,0,4,7.2,0.0,85.0,83.0
Hamburger SV,VfL Bochum,2-0,https://www.besoccer.com/match/hamburger-sv/bochum/199373,1993,9,bundesliga,18,34,0,2,0,17,5,0,5,3,7,13,1.6,0,2,2,2,4,14,7,1,4,3,11,11,1.2000000000000002,0,1,3,3,7,1.2000000000000002,0.4,79.0,74.0
KFC Uerdingen 05,B. Leverkusen,2-1,https://www.besoccer.com/match/kfc-uerdingen-05/bayer-leverkusen/199374,1993,9,bundesliga,18,34,0,2,1,16,6,1,3,4,10,14,1.8,0,2,2,4,9,2,16,4,4,0,20,6,6.6,1,3,0,4,3,1.8,4.0,70.0,82.0
Schalke 04,Karlsruher SC,2-2,https://www.besoccer.com/match/schalke-04/karlsruher-sc/199375,1993,9,bundesliga,18,34,1,2,2,13,8,2,2,4,10,14,1.8,0,2,2,4,6,6,13,4,1,3,15,15,5.800000000000001,1,0,3,4,10,1.8,3.0,72.0,77.0
Bayern München,B. Mönchengladbach,2-2,https://www.besoccer.com/match/bayern-munchen/borussia-monchengla/199376,1993,9,bundesliga,18,34,1,2,2,1,20,6,2,0,18,5,7.4,3,1,0,9,2,15,6,1,3,4,9,16,1.0,1,1,2,4,6,6.4,2.5999999999999996,88.0,78.0
Dynamo Dresden,Werder Bremen,2-3,https://www.besoccer.com/match/sg-dynamo-dresden/werder-bremen/199377,1993,9,bundesliga,18,34,2,2,3,7,12,3,3,2,10,10,4.6000000000000005,3,1,0,7,2,10,10,2,4,2,9,11,3.8,0,2,2,3,8,7.6,1.2000000000000002,72.0,85.0
Köln,Saarbrücken,4-2,https://www.besoccer.com/match/1-fc-koln/saarbrucken/199378,1993,9,bundesliga,18,34,0,4,2,18,4,1,1,6,7,16,3.2,0,1,3,3,7,9,10,2,4,2,9,11,4.0,0,3,1,3,7,0.6,2.2,82.0,64.0
Wattenscheid 09,B. Dortmund,1-3,https://www.besoccer.com/match/wattenscheid-09/borussia-dortmund/199379,1993,9,bundesliga,18,34,2,1,3,12,9,2,3,3,15,17,3.5999999999999996,1,2,1,8,7,5,13,4,1,3,11,10,4.800000000000001,2,1,1,6,6,3.8000000000000003,5.199999999999999,69.0,83.0
Kaiserslautern,Nürnberg,2-0,https://www.besoccer.com/match/kaiserslautern/fc-nurnberg/199380,1993,9,bundesliga,18,34,0,2,0,11,10,3,1,4,9,9,2.8000000000000003,3,1,0,8,2,8,12,3,3,2,6,6,6.0,1,2,1,2,4,6.8,3.5999999999999996,83.0,77.0
Eintracht Frankfurt,Stuttgart,4-0,https://www.besoccer.com/match/eintracht-frankfurt/stuttgart/199381,1993,9,bundesliga,18,34,0,4,0,4,14,3,5,0,13,8,4.2,1,3,0,7,4,3,15,4,3,1,13,10,6.6,0,3,1,4,8,4.4,2.2,83.0,85.0
VfL Bochum,Schalke 04,0-1,https://www.besoccer.com/match/bochum/schalke-04/199382,1993,10,bundesliga,18,34,2,0,1,16,7,1,4,4,11,13,0.8,1,3,0,8,4,13,9,2,3,4,12,16,1.8,2,0,2,6,8,4.0,3.0,74.0,72.0
B. Mönchengladbach,Wattenscheid 09,4-1,https://www.besoccer.com/match/borussia-monchengla/wattenscheid-09/199383,1993,10,bundesliga,18,34,0,4,1,17,7,1,4,4,11,18,1.6,0,2,2,5,10,12,9,2,3,4,16,20,2.6000000000000005,1,1,2,7,10,1.2000000000000002,2.2,78.0,69.0
Karlsruher SC,KFC Uerdingen 05,4-0,https://www.besoccer.com/match/karlsruher-sc/kfc-uerdingen-05/199384,1993,10,bundesliga,18,34,0,4,0,6,14,4,2,3,17,17,5.4,3,1,0,11,5,14,9,2,3,4,12,15,3.8,1,1,2,6,5,6.8,2.1999999999999997,77.0,70.0
Nürnberg,Eintracht Frankfurt,1-2,https://www.besoccer.com/match/fc-nurnberg/eintracht-frankfurt/199385,1993,10,bundesliga,18,34,2,1,2,9,12,3,3,3,6,8,4.4,2,1,1,4,2,2,17,4,5,0,17,8,5.4,2,2,0,6,4,5.800000000000001,4.8,77.0,83.0
Werder Bremen,Köln,2-0,https://www.besoccer.com/match/werder-bremen/1-fc-koln/199386,1993,10,bundesliga,18,34,0,2,0,8,13,3,4,2,12,13,5.2,2,2,0,6,3,18,7,2,1,6,11,18,5.4,1,0,3,4,9,5.6,3.0,85.0,82.0
Stuttgart,Dynamo Dresden,4-0,https://www.besoccer.com/match/stuttgart/sg-dynamo-dresden/199387,1993,10,bundesliga,18,34,0,4,0,5,15,4,3,2,13,14,4.4,4,0,0,9,2,10,12,3,3,3,12,13,3.2,0,2,2,3,8,8.4,1.4,84.0,71.0
B. Leverkusen,Kaiserslautern,2-0,https://www.besoccer.com/match/bayer-leverkusen/kaiserslautern/199388,1993,10,bundesliga,18,34,0,2,0,3,16,4,4,1,21,8,4.4,3,1,0,16,3,7,13,4,1,4,11,9,5.0,0,0,4,1,7,7.6,0.0,82.0,83.0
Saarbrücken,Bayern München,1-1,https://www.besoccer.com/match/saarbrucken/bayern-munchen/199389,1993,10,bundesliga,18,34,1,1,1,11,10,2,4,3,11,15,2.8,2,1,1,6,4,1,21,6,3,0,20,7,5.800000000000001,3,1,0,9,3,4.6000000000000005,7.200000000000001,64.0,88.0
B. Dortmund,Hamburger SV,3-1,https://www.besoccer.com/match/borussia-dortmund/hamburger-sv/199390,1993,10,bundesliga,18,34,0,3,1,4,16,5,1,3,14,11,6.0,2,0,2,5,4,15,8,1,5,3,9,13,4.0,0,3,1,5,9,4.2,2.0,83.0,80.0
Wattenscheid 09,Saarbrücken,3-1,https://www.besoccer.com/match/wattenscheid-09/saarbrucken/199391,1993,11,bundesliga,18,34,0,3,1,14,9,2,3,5,17,24,1.6,1,2,2,9,10,12,11,2,5,3,12,16,2.6,0,3,2,5,11,2.8,1.6,69.0,64.0
Hamburger SV,Schalke 04,1-2,https://www.besoccer.com/match/hamburger-sv/schalke-04/199392,1993,11,bundesliga,18,34,2,1,2,16,8,1,5,4,10,16,3.0000000000000004,1,2,2,4,4,9,12,3,3,4,13,16,4.2,3,0,2,7,8,3.8,4.800000000000001,79.0,72.0
Dynamo Dresden,Nürnberg,1-2,https://www.besoccer.com/match/sg-dynamo-dresden/fc-nurnberg/199393,1993,11,bundesliga,18,34,2,1,2,10,12,3,3,4,12,17,1.8000000000000003,3,1,1,9,5,11,12,3,3,4,7,10,2.8,1,2,2,2,6,5.6000000000000005,2.6000000000000005,71.0,77.0
Köln,Stuttgart,3-1,https://www.besoccer.com/match/1-fc-koln/stuttgart/199394,1993,11,bundesliga,18,34,0,3,1,18,7,2,1,7,11,20,4.2,1,1,3,7,9,5,18,5,3,2,17,14,5.8,0,3,2,4,12,3.4,1.6,82.0,84.0
B. Dortmund,B. Mönchengladbach,4-1,https://www.besoccer.com/match/borussia-dortmund/borussia-monchengla/199395,1993,11,bundesliga,18,34,0,4,1,4,19,6,1,3,17,12,7.200000000000001,3,0,2,8,5,13,10,2,4,4,15,19,4.0,1,2,2,6,8,6.0,2.8000000000000003,83.0,78.0
KFC Uerdingen 05,VfL Bochum,2-1,https://www.besoccer.com/match/kfc-uerdingen-05/bochum/199396,1993,11,bundesliga,18,34,0,2,1,15,9,2,3,5,12,19,2.8000000000000003,1,2,2,6,10,17,7,1,4,5,11,14,0.4,0,1,4,3,9,4.4,0.2,69.0,73.0
Kaiserslautern,Karlsruher SC,2-3,https://www.besoccer.com/match/kaiserslautern/karlsruher-sc/199397,1993,11,bundesliga,18,34,2,2,3,8,13,4,1,5,11,11,3.6000000000000005,4,1,0,10,2,6,17,5,2,3,21,17,6.8,1,1,3,6,12,7.800000000000001,3.4000000000000004,83.0,77.0
Bayern München,Werder Bremen,1-3,https://www.besoccer.com/match/bayern-munchen/werder-bremen/199398,1993,11,bundesliga,18,34,2,1,3,1,22,6,4,0,21,8,4.6,3,2,0,11,4,7,16,4,4,2,14,13,6.6000000000000005,1,2,2,6,10,5.4,3.8,87.0,84.0
Eintracht Frankfurt,B. Leverkusen,2-2,https://www.besoccer.com/match/eintracht-frankfurt/bayer-leverkusen/199399,1993,11,bundesliga,18,34,1,2,2,2,20,5,5,0,19,9,6.6000000000000005,2,3,0,11,4,3,19,5,4,1,23,8,5.8,1,3,1,5,5,6.2,2.8,83.0,82.0
Werder Bremen,Wattenscheid 09,3-0,https://www.besoccer.com/match/werder-bremen/wattenscheid-09/1993100,1993,12,bundesliga,18,34,0,3,0,6,19,5,4,2,17,14,7.6,3,2,0,8,3,11,12,3,3,5,20,25,3.6,1,1,3,8,14,7.0,1.4000000000000001,85.0,69.0
Schalke 04,KFC Uerdingen 05,1-1,https://www.besoccer.com/match/schalke-04/kfc-uerdingen-05/1993101,1993,12,bundesliga,18,34,1,1,1,8,15,4,3,4,15,17,6.2,0,3,2,6,8,12,12,3,3,5,14,20,5.0,1,1,3,6,9,2.4,1.4000000000000001,72.0,70.0
B. Leverkusen,Dynamo Dresden,0-0,https://www.besoccer.com/match/bayer-leverkusen/sg-dynamo-dresden/1993102,1993,12,bundesliga,18,34,1,0,0,4,20,5,5,1,25,10,4.800000000000001,4,1,0,18,3,13,12,3,3,5,13,19,1.0,0,2,3,3,12,8.600000000000001,1.0,82.0,71.0
Nürnberg,Köln,2-1,https://www.besoccer.com/match/fc-nurnberg/1-fc-koln/1993104,1993,12,bundesliga,18,34,0,2,1,9,15,4,3,4,9,11,4.4,2,1,2,5,4,16,10,3,1,7,14,21,6.0,1,0,4,4,11,4.4,2.4000000000000004,77.0,82.0
Stuttgart,Bayern München,2-3,https://www.besoccer.com/match/stuttgart/bayern-munchen/1993105,1993,12,bundesliga,18,34,2,2,3,7,18,5,3,3,18,17,3.8000000000000007,5,0,0,13,2,1,22,6,4,1,22,11,2.8,3,2,0,10,4,9.0,6.2,84.0,87.0
B. Mönchengladbach,Hamburger SV,0-0,https://www.besoccer.com/match/borussia-monchengla/hamburger-sv/1993106,1993,12,bundesliga,18,34,1,0,0,15,10,2,4,5,16,23,3.0000000000000004,1,2,2,9,11,17,8,1,5,5,11,18,2.1999999999999997,0,3,2,6,12,3.8,1.4000000000000001,78.0,79.0
Saarbrücken,B. Dortmund,3-1,https://www.besoccer.com/match/saarbrucken/borussia-dortmund/1993107,1993,12,bundesliga,18,34,0,3,1,14,11,2,5,4,13,19,1.4000000000000001,2,2,1,7,5,2,22,7,1,3,21,13,7.800000000000001,3,1,1,9,7,4.2,6.800000000000001,64.0,84.0
VfL Bochum,Kaiserslautern,1-3,https://www.besoccer.com/match/bochum/kaiserslautern/1993108,1993,12,bundesliga,18,34,2,1,3,18,7,1,4,6,12,16,0.2,1,3,1,8,5,10,13,4,1,6,13,14,2.4,0,0,5,1,9,2.8,0.0,73.0,83.0
Karlsruher SC,Eintracht Frankfurt,4-1,https://www.besoccer.com/match/karlsruher-sc/eintracht-frankfurt/1993103,1993,12,bundesliga,18,34,0,4,1,5,20,6,2,3,24,19,7.800000000000001,4,1,0,15,5,3,21,5,6,0,21,11,5.800000000000001,3,2,0,8,5,7.800000000000001,6.2,77.0,83.0
Kaiserslautern,Schalke 04,3-0,https://www.besoccer.com/match/kaiserslautern/schalke-04/1993109,1993,13,bundesliga,18,34,0,3,0,9,16,5,1,6,16,15,4.2,4,1,1,12,5,10,16,4,4,4,16,18,5.6,4,0,2,9,9,5.2,6.0,83.0,72.0
Dynamo Dresden,Karlsruher SC,3-0,https://www.besoccer.com/match/sg-dynamo-dresden/karlsruher-sc/1993110,1993,13,bundesliga,18,34,0,3,0,13,13,3,4,5,13,19,1.2,3,1,2,10,7,2,23,7,2,3,28,20,8.2,2,1,3,9,14,3.6,5.6,71.0,78.0
B. Dortmund,Werder Bremen,2-2,https://www.besoccer.com/match/borussia-dortmund/werder-bremen/1993111,1993,13,bundesliga,18,34,1,2,2,4,22,7,1,4,22,16,5.4,4,0,2,12,6,3,22,6,4,2,20,14,8.600000000000001,2,2,2,9,11,7.200000000000001,5.800000000000001,83.0,85.0
Wattenscheid 09,Stuttgart,0-0,https://www.besoccer.com/match/wattenscheid-09/stuttgart/1993112,1993,13,bundesliga,18,34,1,0,0,14,12,3,3,6,20,28,2.6000000000000005,2,2,2,12,11,8,18,5,3,4,20,20,2.4,0,3,3,5,15,4.800000000000001,1.0,69.0,84.0
Köln,B. Leverkusen,1-0,https://www.besoccer.com/match/1-fc-koln/bayer-leverkusen/1993113,1993,13,bundesliga,18,34,0,1,0,16,10,3,1,8,15,23,4.200000000000001,2,1,3,10,10,6,21,5,6,1,25,10,4.2,1,4,1,7,7,5.6000000000000005,2.6,82.0,82.0
Bayern München,Nürnberg,1-0,https://www.besoccer.com/match/bayern-munchen/fc-nurnberg/1993114,1993,13,bundesliga,18,34,0,1,0,1,25,7,4,1,25,13,4.6,3,2,1,12,7,7,18,5,3,4,11,12,6.0,2,2,2,4,7,3.2,4.6,87.0,78.0
Hamburger SV,KFC Uerdingen 05,3-0,https://www.besoccer.com/match/hamburger-sv/kfc-uerdingen-05/1993115,1993,13,bundesliga,18,34,0,3,0,17,9,1,6,5,11,18,2.4000000000000004,1,2,3,5,6,12,13,3,4,5,15,21,4.6000000000000005,1,2,3,7,10,2.8000000000000003,1.6,79.0,70.0
B. Mönchengladbach,Saarbrücken,2-5,https://www.besoccer.com/match/borussia-monchengla/saarbrucken/1993116,1993,13,bundesliga,18,34,2,2,5,15,11,2,5,5,16,23,3.1999999999999997,1,3,2,9,11,11,14,3,5,4,16,20,3.8,0,3,3,6,14,3.8000000000000003,1.0,78.0,64.0
Eintracht Frankfurt,VfL Bochum,4-1,https://www.besoccer.com/match/eintracht-frankfurt/bochum/1993117,1993,13,bundesliga,18,34,0,4,1,5,21,5,6,1,22,15,4.0,2,4,0,13,6,18,7,1,4,7,13,19,0.0,0,1,5,4,11,5.4,0.0,83.0,73.0
Saarbrücken,Hamburger SV,0-3,https://www.besoccer.com/match/saarbrucken/hamburger-sv/1993118,1993,14,bundesliga,18,34,2,0,3,10,17,4,5,4,21,22,5.800000000000001,3,2,1,10,6,16,12,2,6,5,14,18,4.4,0,4,2,6,12,5.6000000000000005,1.8,65.0,79.0
Nürnberg,Wattenscheid 09,2-1,https://www.besoccer.com/match/fc-nurnberg/wattenscheid-09/1993119,1993,14,bundesliga,18,34,0,2,1,9,18,5,3,5,11,13,4.2,3,1,2,7,5,14,13,3,4,6,20,28,2.8,1,1,4,8,17,6.0,0.6,78.0,69.0
VfL Bochum,Dynamo Dresden,2-2,https://www.besoccer.com/match/bochum/sg-dynamo-dresden/1993120,1993,14,bundesliga,18,34,1,2,2,18,7,1,4,8,14,23,0.0,1,3,2,9,8,11,16,4,4,5,16,19,3.8,0,3,3,3,12,1.6,1.6,73.0,72.0
KFC Uerdingen 05,Kaiserslautern,0-5,https://www.besoccer.com/match/kfc-uerdingen-05/kaiserslautern/1993121,1993,14,bundesliga,18,34,2,0,5,13,13,3,4,6,15,24,3.2,2,2,2,8,11,8,19,6,1,6,19,15,6.0,1,0,5,4,10,6.4,3.0,70.0,84.0
B. Leverkusen,Bayern München,2-4,https://www.besoccer.com/match/bayer-leverkusen/bayern-munchen/1993122,1993,14,bundesliga,18,34,2,2,4,6,21,5,6,2,25,11,2.6000000000000005,4,2,0,18,3,1,28,8,4,1,26,13,6.0,4,2,0,13,6,7.0,7.0,82.0,87.0
Stuttgart,B. Dortmund,1-0,https://www.besoccer.com/match/stuttgart/borussia-dortmund/1993123,1993,14,bundesliga,18,34,0,1,0,7,19,5,4,4,20,20,2.2,5,0,1,15,5,4,23,7,2,4,24,18,4.6,3,1,2,10,10,6.0,4.800000000000001,84.0,83.0
Karlsruher SC,Köln,3-1,https://www.besoccer.com/match/karlsruher-sc/1-fc-koln/1993124,1993,14,bundesliga,18,34,0,3,1,5,23,7,2,4,28,23,5.6000000000000005,5,1,0,19,6,15,13,4,1,8,16,23,5.4,1,0,5,5,13,8.2,1.7999999999999998,78.0,82.0
Schalke 04,Eintracht Frankfurt,0-0,https://www.besoccer.com/match/schalke-04/eintracht-frankfurt/1993125,1993,14,bundesliga,18,34,1,0,0,12,16,4,4,5,16,21,4.0,0,4,2,7,9,2,24,6,6,1,26,16,5.4,3,2,1,9,9,2.8,4.0,72.0,83.0
Werder Bremen,B. Mönchengladbach,2-0,https://www.besoccer.com/match/werder-bremen/borussia-monchengla/1993126,1993,14,bundesliga,18,34,0,2,0,3,23,6,5,2,22,16,7.0,4,2,0,11,3,17,11,2,5,6,18,28,2.2,1,2,3,7,12,7.800000000000001,1.8,85.0,77.0
Wattenscheid 09,B. Leverkusen,1-3,https://www.besoccer.com/match/wattenscheid-09/bayer-leverkusen/1993129,1993,15,bundesliga,18,34,2,1,3,15,13,3,4,7,21,30,2.0,2,3,2,12,11,8,21,5,6,3,27,15,1.6,1,4,2,7,8,4.4,1.4000000000000001,69.0,81.0
Dynamo Dresden,Schalke 04,1-0,https://www.besoccer.com/match/sg-dynamo-dresden/schalke-04/1993127,1993,15,bundesliga,18,34,0,1,0,12,17,4,5,5,18,21,4.0,4,1,2,13,7,10,17,4,5,5,16,21,3.4000000000000004,4,0,3,9,12,4.800000000000001,4.2,72.0,72.0
Werder Bremen,Saarbrücken,2-0,https://www.besoccer.com/match/werder-bremen/saarbrucken/1993128,1993,15,bundesliga,18,34,0,2,0,2,26,7,5,2,24,16,7.4,5,2,0,13,3,11,17,4,5,5,21,25,4.4,1,3,3,11,16,8.2,3.6,85.0,65.0
Kaiserslautern,Hamburger SV,2-2,https://www.besoccer.com/match/kaiserslautern/hamburger-sv/1993130,1993,15,bundesliga,18,34,1,2,2,7,22,7,1,6,24,15,7.2,5,1,1,15,5,13,15,3,6,5,17,18,6.0,1,4,2,9,12,6.2,4.2,84.0,79.0
B. Mönchengladbach,Stuttgart,1-1,https://www.besoccer.com/match/borussia-monchengla/stuttgart/1993131,1993,15,bundesliga,18,34,1,1,1,17,11,2,5,7,18,30,1.2000000000000002,1,3,3,11,16,6,22,6,4,4,21,20,4.4,0,4,3,5,15,2.8,1.6,77.0,84.0
Eintracht Frankfurt,KFC Uerdingen 05,1-0,https://www.besoccer.com/match/eintracht-frankfurt/kfc-uerdingen-05/1993132,1993,15,bundesliga,18,34,0,1,0,4,25,6,7,1,26,16,4.4,3,4,0,17,7,14,13,3,4,7,15,29,1.8000000000000003,1,2,4,7,13,6.6,0.8,83.0,69.0
Köln,VfL Bochum,1-0,https://www.besoccer.com/match/1-fc-koln/bochum/1993133,1993,15,bundesliga,18,34,0,1,0,16,13,4,1,9,17,26,3.6000000000000005,3,1,3,11,10,18,8,1,5,8,16,25,1.0,0,1,6,5,15,7.2,0.0,82.0,73.0
B. Dortmund,Nürnberg,4-2,https://www.besoccer.com/match/borussia-dortmund/fc-nurnberg/1993134,1993,15,bundesliga,18,34,0,4,2,5,23,7,2,5,24,19,2.6000000000000005,4,1,2,14,8,9,21,6,3,5,13,14,6.0,2,2,3,4,8,5.800000000000001,3.0000000000000004,84.0,78.0
Bayern München,Karlsruher SC,3-3,https://www.besoccer.com/match/bayern-munchen/karlsruher-sc/1993135,1993,15,bundesliga,18,34,1,3,3,1,31,9,4,1,30,15,7.4,4,2,1,13,7,3,26,8,2,4,31,24,6.6,2,1,4,9,17,4.6,4.200000000000001,88.0,78.0
KFC Uerdingen 05,Dynamo Dresden,1-1,https://www.besoccer.com/match/kfc-uerdingen-05/sg-dynamo-dresden/1993136,1993,16,bundesliga,18,34,1,1,1,15,13,3,4,8,15,30,1.0,2,2,3,8,16,10,20,5,5,5,19,21,6.0,0,4,3,5,14,4.800000000000001,2.2,69.0,72.0
Hamburger SV,Werder Bremen,0-0,https://www.besoccer.com/match/hamburger-sv/werder-bremen/1993137,1993,16,bundesliga,18,34,1,0,0,13,16,3,7,5,19,20,5.6,2,2,3,8,6,2,29,8,5,2,26,16,7.800000000000001,2,3,2,11,13,5.0,5.4,79.0,85.0
Stuttgart,Saarbrücken,2-2,https://www.besoccer.com/match/stuttgart/saarbrucken/1993138,1993,16,bundesliga,18,34,1,2,2,7,23,6,5,4,22,21,4.0,6,0,1,16,5,12,17,4,5,6,21,27,3.0,1,3,4,11,18,6.6,2.6000000000000005,84.0,65.0
Karlsruher SC,Wattenscheid 09,2-1,https://www.besoccer.com/match/karlsruher-sc/wattenscheid-09/1993139,1993,16,bundesliga,18,34,0,2,1,4,27,8,3,4,34,27,5.200000000000001,6,1,0,22,7,16,13,3,4,8,22,33,1.2000000000000002,1,1,5,9,19,8.600000000000001,0.4,78.0,68.0
Nürnberg,B. Mönchengladbach,0-1,https://www.besoccer.com/match/fc-nurnberg/borussia-monchengla/1993140,1993,16,bundesliga,18,34,2,0,1,9,21,6,3,6,15,18,4.200000000000001,4,1,2,9,6,17,12,2,6,7,19,31,1.4,1,2,4,7,14,7.200000000000001,0.8,77.0,77.0
Kaiserslautern,Eintracht Frankfurt,0-2,https://www.besoccer.com/match/kaiserslautern/eintracht-frankfurt/1993141,1993,16,bundesliga,18,34,2,0,2,8,23,7,2,6,26,17,6.4,5,2,1,17,7,3,28,7,7,1,27,16,5.8,3,3,1,9,9,5.200000000000001,3.4,84.0,84.0
B. Leverkusen,B. Dortmund,3-3,https://www.besoccer.com/match/bayer-leverkusen/borussia-dortmund/1993142,1993,16,bundesliga,18,34,1,3,3,6,24,6,6,3,30,16,3.6,4,2,1,20,7,5,26,8,2,5,28,21,4.2,3,1,3,10,11,4.4,3.0,82.0,84.0
VfL Bochum,Bayern München,2-2,https://www.besoccer.com/match/bochum/bayern-munchen/1993143,1993,16,bundesliga,18,34,1,2,2,18,8,1,5,9,16,26,0.8,1,4,2,11,10,1,32,9,5,1,33,18,6.4,5,2,0,17,8,1.6,7.800000000000001,73.0,87.0
Schalke 04,Köln,1-0,https://www.besoccer.com/match/schalke-04/1-fc-koln/1993144,1993,16,bundesliga,18,34,0,1,0,11,17,4,5,6,16,22,1.8,0,5,2,7,9,14,16,5,1,9,18,26,5.4,1,0,6,6,16,3.0,1.2000000000000002,72.0,82.0
Wattenscheid 09,VfL Bochum,2-0,https://www.besoccer.com/match/wattenscheid-09/bochum/1993146,1993,17,bundesliga,18,34,0,2,0,17,13,3,4,9,23,35,0.4,2,3,3,13,14,18,9,1,6,9,18,28,1.6,0,1,7,5,16,2.8,0.0,68.0,73.0
B. Mönchengladbach,B. Leverkusen,2-2,https://www.besoccer.com/match/borussia-monchengla/bayer-leverkusen/1993145,1993,17,bundesliga,18,34,1,2,2,15,15,3,6,7,20,31,4.0,1,4,3,12,17,6,25,6,7,3,33,19,3.6000000000000005,2,4,2,10,9,2.8000000000000003,3.8,77.0,82.0
Saarbrücken,Nürnberg,0-1,https://www.besoccer.com/match/saarbrucken/fc-nurnberg/1993147,1993,17,bundesliga,18,34,2,0,1,12,18,4,6,6,23,29,2.8000000000000003,3,2,2,10,9,10,21,6,3,7,15,19,2.4,2,2,4,6,12,4.0,1.9999999999999998,65.0,77.0
Köln,KFC Uerdingen 05,5-0,https://www.besoccer.com/match/1-fc-koln/kfc-uerdingen-05/1993148,1993,17,bundesliga,18,34,0,5,0,14,16,5,1,10,18,27,3.6000000000000005,4,1,3,12,10,16,14,3,5,8,16,31,1.2,1,2,5,7,14,8.4,0.6,81.0,69.0
B. Dortmund,Karlsruher SC,3-1,https://www.besoccer.com/match/borussia-dortmund/karlsruher-sc/1993149,1993,17,bundesliga,18,34,0,3,1,5,27,8,3,5,31,24,3.8000000000000003,5,1,2,18,10,4,30,9,3,4,36,28,6.2,2,2,4,12,20,6.8,3.8,84.0,78.0
Eintracht Frankfurt,Hamburger SV,3-3,https://www.besoccer.com/match/eintracht-frankfurt/hamburger-sv/1993150,1993,17,bundesliga,18,34,1,3,3,2,31,8,7,1,29,16,7.200000000000001,4,4,0,18,7,13,17,3,8,5,19,20,5.0,1,5,2,11,14,7.4,4.2,84.0,79.0
Werder Bremen,Stuttgart,1-1,https://www.besoccer.com/match/werder-bremen/stuttgart/1993151,1993,17,bundesliga,18,34,1,1,1,3,30,8,6,2,26,16,6.2,6,2,0,15,3,7,24,6,6,4,24,23,4.0,0,5,3,6,16,8.600000000000001,2.0,85.0,84.0
Bayern München,Schalke 04,1-1,https://www.besoccer.com/match/bayern-munchen/schalke-04/1993152,1993,17,bundesliga,18,34,1,1,1,1,33,9,6,1,35,20,5.4,4,3,1,16,10,11,20,5,5,6,17,22,3.8,4,0,4,9,13,4.0,3.0,87.0,72.0
Dynamo Dresden,Kaiserslautern,1-3,https://www.besoccer.com/match/sg-dynamo-dresden/kaiserslautern/1993153,1993,17,bundesliga,18,34,2,1,3,9,21,5,6,5,20,22,5.4,5,1,2,14,7,8,23,7,2,7,26,19,4.4,2,0,5,9,10,6.0,5.4,72.0,83.0
Wattenscheid 09,Schalke 04,0-0,https://www.besoccer.com/match/wattenscheid-09/schalke-04/1993159,1993,18,bundesliga,18,34,1,0,0,16,16,4,4,9,25,35,3.2,3,3,3,15,14,11,21,5,6,6,18,23,3.8000000000000003,4,1,4,10,14,4.800000000000001,2.8000000000000003,69.0,72.0
Werder Bremen,Nürnberg,3-0,https://www.besoccer.com/match/werder-bremen/fc-nurnberg/1993156,1993,18,bundesliga,18,34,0,3,0,3,31,8,7,2,27,17,5.0,6,3,0,16,4,9,24,7,3,7,16,19,4.2,3,2,4,7,12,7.0,4.2,85.0,77.0
Köln,Kaiserslautern,0-3,https://www.besoccer.com/match/1-fc-koln/kaiserslautern/1993162,1993,18,bundesliga,18,34,2,0,3,12,19,6,1,10,23,27,5.4,5,1,3,17,10,7,26,8,2,7,29,20,5.4,3,0,5,12,11,9.0,7.2,82.0,83.0
Saarbrücken,B. Leverkusen,3-1,https://www.besoccer.com/match/saarbrucken/bayer-leverkusen/1993154,1993,18,bundesliga,18,34,0,3,1,13,18,4,6,7,23,30,1.4000000000000001,3,2,3,10,10,6,26,6,8,3,35,21,3.5999999999999996,2,5,2,12,11,2.4,3.8000000000000003,65.0,82.0
Dynamo Dresden,Eintracht Frankfurt,0-2,https://www.besoccer.com/match/sg-dynamo-dresden/eintracht-frankfurt/1993155,1993,18,bundesliga,18,34,2,0,2,10,21,5,6,6,21,25,3.5999999999999996,5,1,3,15,10,2,32,8,8,1,32,19,6.2,4,3,1,11,9,4.2,5.2,72.0,84.0
Bayern München,KFC Uerdingen 05,2-0,https://www.besoccer.com/match/bayern-munchen/kfc-uerdingen-05/1993157,1993,18,bundesliga,18,34,0,2,0,1,34,9,7,1,36,21,4.2,4,4,1,17,11,17,14,3,5,9,16,36,0.8,1,2,6,7,19,3.8,0.4,87.0,69.0
B. Dortmund,VfL Bochum,1-0,https://www.besoccer.com/match/borussia-dortmund/bochum/1993158,1993,18,bundesliga,18,34,0,1,0,5,30,9,3,5,34,25,5.8,6,1,2,21,11,18,9,1,6,10,18,30,1.2000000000000002,0,1,8,5,18,7.800000000000001,0.0,84.0,72.0
Stuttgart,Hamburger SV,1-1,https://www.besoccer.com/match/stuttgart/hamburger-sv/1993160,1993,18,bundesliga,18,34,1,1,1,8,25,6,7,4,25,24,3.8,6,1,1,18,7,14,18,3,9,5,22,23,4.2,1,6,2,14,17,5.200000000000001,4.0,84.0,79.0
B. Mönchengladbach,Karlsruher SC,3-1,https://www.besoccer.com/match/borussia-monchengla/karlsruher-sc/1993161,1993,18,bundesliga,18,34,0,3,1,15,16,3,7,7,22,33,4.0,1,5,3,14,19,4,30,9,3,5,37,31,4.200000000000001,2,2,5,13,23,2.8,2.2,77.0,78.0
VfL Bochum,B. Mönchengladbach,2-1,https://www.besoccer.com/match/bochum/borussia-monchengla/1993163,1993,19,bundesliga,18,34,0,2,1,18,9,1,6,11,18,31,0.8,1,5,2,13,12,15,19,4,7,7,25,34,6.0,2,2,4,8,14,2.0,3.4,72.0,77.0
Eintracht Frankfurt,Köln,2-1,https://www.besoccer.com/match/eintracht-frankfurt/1-fc-koln/1993164,1993,19,bundesliga,18,34,0,2,1,2,35,9,8,1,34,19,7.0,4,5,0,21,10,13,19,6,1,11,23,30,3.6000000000000005,1,0,7,6,17,6.2,0.6000000000000001,84.0,81.0
Schalke 04,B. Dortmund,0-0,https://www.besoccer.com/match/schalke-04/borussia-dortmund/1993165,1993,19,bundesliga,18,34,1,0,0,10,22,5,7,6,18,23,3.8,1,5,2,8,9,4,33,10,3,5,35,25,7.200000000000001,3,2,3,13,14,5.0,2.8000000000000003,72.0,84.0
Karlsruher SC,Saarbrücken,2-2,https://www.besoccer.com/match/karlsruher-sc/saarbrucken/1993166,1993,19,bundesliga,18,34,1,2,2,5,30,9,3,6,38,34,2.8,7,1,0,24,8,11,21,5,6,7,26,31,3.6,1,4,4,13,20,9.0,2.8,77.0,65.0
Nürnberg,Stuttgart,3-2,https://www.besoccer.com/match/fc-nurnberg/stuttgart/1993167,1993,19,bundesliga,18,34,0,3,2,9,24,7,3,8,16,22,3.0000000000000004,4,1,3,9,7,8,26,6,8,4,26,25,3.4000000000000004,0,6,3,7,17,4.800000000000001,2.4,77.0,84.0
Kaiserslautern,Bayern München,1-3,https://www.besoccer.com/match/kaiserslautern/bayern-munchen/1993168,1993,19,bundesliga,18,34,2,1,3,6,29,9,2,7,32,20,6.4,5,2,2,17,9,1,37,10,7,1,38,21,5.4,5,3,0,19,10,3.2,6.2,84.0,87.0
KFC Uerdingen 05,Wattenscheid 09,1-1,https://www.besoccer.com/match/kfc-uerdingen-05/wattenscheid-09/1993169,1993,19,bundesliga,18,34,1,1,1,17,14,3,5,10,16,38,0.6,2,3,3,9,17,16,17,4,5,9,25,35,3.4000000000000004,1,1,6,10,21,4.2,0.2,69.0,69.0
B. Leverkusen,Werder Bremen,2-2,https://www.besoccer.com/match/bayer-leverkusen/werder-bremen/1993170,1993,19,bundesliga,18,34,1,2,2,7,26,6,8,4,36,24,2.6000000000000005,4,3,1,23,10,3,34,9,7,2,30,17,6.2,2,4,2,11,13,3.4000000000000004,4.8,81.0,85.0
Hamburger SV,Dynamo Dresden,1-1,https://www.besoccer.com/match/hamburger-sv/sg-dynamo-dresden/1993171,1993,19,bundesliga,18,34,1,1,1,14,19,3,10,5,23,24,3.4000000000000004,2,3,3,8,6,12,21,5,6,7,21,27,2.0,0,5,3,6,15,4.6000000000000005,2.6,79.0,71.0
Werder Bremen,Karlsruher SC,3-0,https://www.besoccer.com/match/werder-bremen/karlsruher-sc/1993172,1993,20,bundesliga,18,34,0,3,0,3,35,9,8,2,32,19,5.0,7,3,0,19,4,5,31,9,4,6,40,36,2.4000000000000004,2,2,6,14,26,7.4,1.2000000000000002,85.0,77.0
Nürnberg,Hamburger SV,1-0,https://www.besoccer.com/match/fc-nurnberg/hamburger-sv/1993173,1993,20,bundesliga,18,34,0,1,0,8,27,8,3,8,19,24,4.8,5,1,3,12,9,13,20,3,11,5,24,25,3.0,1,7,2,15,18,6.0,3.8,77.0,79.0
Saarbrücken,VfL Bochum,1-1,https://www.besoccer.com/match/saarbrucken/bochum/1993174,1993,20,bundesliga,18,34,1,1,1,11,22,5,7,7,28,33,3.8000000000000003,4,2,3,13,11,18,12,2,6,11,20,32,3.4,0,1,9,5,19,4.4,0.0,65.0,73.0
Köln,Dynamo Dresden,3-1,https://www.besoccer.com/match/1-fc-koln/sg-dynamo-dresden/1993175,1993,20,bundesliga,18,34,0,3,1,14,19,6,1,12,24,32,2.4,5,1,4,17,13,12,22,5,7,7,22,28,2.0,0,6,3,7,16,6.0,2.8,81.0,72.0
Wattenscheid 09,Kaiserslautern,1-0,https://www.besoccer.com/match/wattenscheid-09/kaiserslautern/1993176,1993,20,bundesliga,18,34,0,1,0,16,18,4,6,9,26,36,3.5999999999999996,3,4,3,15,14,6,29,9,2,8,33,23,4.4,4,0,5,15,11,4.4,8.4,69.0,83.0
B. Dortmund,KFC Uerdingen 05,2-0,https://www.besoccer.com/match/borussia-dortmund/kfc-uerdingen-05/1993178,1993,20,bundesliga,18,34,0,2,0,4,34,10,4,5,35,25,6.2,7,1,2,22,11,17,15,3,6,10,17,39,1.4,1,2,7,7,21,8.2,0.2,84.0,69.0
Stuttgart,B. Leverkusen,0-3,https://www.besoccer.com/match/stuttgart/bayer-leverkusen/1993179,1993,20,bundesliga,18,34,2,0,3,9,26,6,8,5,28,28,2.0,6,2,1,19,8,7,27,6,9,4,38,26,2.6,2,5,3,13,14,4.2,2.8,83.0,81.0
B. Mönchengladbach,Schalke 04,2-0,https://www.besoccer.com/match/borussia-monchengla/schalke-04/1993180,1993,20,bundesliga,18,34,0,2,0,15,19,4,7,8,26,36,4.4,2,5,3,17,20,10,23,5,8,6,18,23,3.6000000000000005,4,2,4,10,14,4.6,2.4000000000000004,77.0,72.0
Bayern München,Eintracht Frankfurt,1-0,https://www.besoccer.com/match/bayern-munchen/eintracht-frankfurt/1993177,1993,20,bundesliga,18,34,0,1,0,1,40,11,7,1,41,22,6.6000000000000005,5,4,1,19,11,2,38,10,8,1,36,20,7.800000000000001,5,3,1,13,9,5.6000000000000005,6.6000000000000005,88.0,84.0
Hamburger SV,Köln,3-0,https://www.besoccer.com/match/hamburger-sv/1-fc-koln/1993181,1993,21,bundesliga,18,34,0,3,0,16,20,3,11,6,24,26,2.0,2,4,3,9,7,13,22,7,1,12,27,33,4.2,1,0,8,7,19,4.2,0.0,79.0,81.0
Schalke 04,Saarbrücken,2-2,https://www.besoccer.com/match/schalke-04/saarbrucken/1993182,1993,21,bundesliga,18,34,1,2,2,11,23,5,8,7,18,25,2.4000000000000004,1,6,2,8,9,10,23,5,8,7,29,34,3.8,1,5,4,15,22,4.6000000000000005,3.0,72.0,65.0
Kaiserslautern,B. Dortmund,0-0,https://www.besoccer.com/match/kaiserslautern/borussia-dortmund/1993183,1993,21,bundesliga,18,34,1,0,0,8,29,9,2,9,33,24,3.0,5,2,3,18,12,4,37,11,4,5,37,25,7.0,3,3,3,13,14,1.8000000000000003,2.4000000000000004,83.0,84.0
Karlsruher SC,Stuttgart,1-1,https://www.besoccer.com/match/karlsruher-sc/stuttgart/1993184,1993,21,bundesliga,18,34,1,1,1,5,31,9,4,7,40,39,1.4000000000000001,7,2,0,26,10,9,26,6,8,6,28,31,1.2000000000000002,0,6,4,9,20,7.0,1.8,77.0,83.0
VfL Bochum,Werder Bremen,2-0,https://www.besoccer.com/match/bochum/werder-bremen/1993185,1993,21,bundesliga,18,34,0,2,0,18,13,2,7,11,21,33,3.6000000000000005,2,5,2,15,13,2,38,10,8,2,35,19,6.2,2,5,2,13,15,4.4,4.2,73.0,86.0
KFC Uerdingen 05,B. Mönchengladbach,1-3,https://www.besoccer.com/match/kfc-uerdingen-05/borussia-monchengla/1993186,1993,21,bundesliga,18,34,2,1,3,17,15,3,6,11,17,41,1.0,2,4,3,10,18,14,22,5,7,8,28,36,5.8,2,2,5,9,16,3.6000000000000005,2.6000000000000005,69.0,77.0
Eintracht Frankfurt,Wattenscheid 09,4-1,https://www.besoccer.com/match/eintracht-frankfurt/wattenscheid-09/1993187,1993,21,bundesliga,18,34,0,4,1,3,38,10,8,2,36,21,5.2,5,5,0,23,11,15,21,5,6,9,27,36,5.6000000000000005,1,2,6,11,22,7.0,1.0,84.0,69.0
B. Leverkusen,Nürnberg,2-1,https://www.besoccer.com/match/bayer-leverkusen/fc-nurnberg/1993188,1993,21,bundesliga,18,34,0,2,1,6,30,7,9,4,41,26,4.4,4,4,1,25,12,7,30,9,3,8,20,24,6.6000000000000005,3,2,5,7,15,2.8,3.0000000000000004,82.0,77.0
Dynamo Dresden,Bayern München,0-0,https://www.besoccer.com/match/sg-dynamo-dresden/bayern-munchen/1993189,1993,21,bundesliga,18,34,1,0,0,12,22,5,7,8,23,31,1.0,5,1,4,15,12,1,43,12,7,1,42,22,7.800000000000001,6,3,0,22,11,3.0,7.0,71.0,88.0
Saarbrücken,KFC Uerdingen 05,3-3,https://www.besoccer.com/match/saarbrucken/kfc-uerdingen-05/1993190,1993,22,bundesliga,18,34,1,3,3,11,24,5,9,7,31,36,3.6000000000000005,4,3,3,14,12,18,15,3,6,12,18,44,0.6,1,2,8,7,23,4.0,0.0,65.0,68.0
Nürnberg,Karlsruher SC,0-0,https://www.besoccer.com/match/fc-nurnberg/karlsruher-sc/1993191,1993,22,bundesliga,18,34,1,0,0,7,30,9,3,9,21,26,4.800000000000001,6,1,3,13,9,6,32,9,5,7,41,40,1.6,2,2,7,14,29,7.200000000000001,0.4,77.0,77.0
Wattenscheid 09,Dynamo Dresden,2-1,https://www.besoccer.com/match/wattenscheid-09/sg-dynamo-dresden/1993192,1993,22,bundesliga,18,34,0,2,1,16,21,5,6,10,28,40,4.0,4,4,3,16,14,13,23,5,8,8,23,31,1.6,0,6,4,8,19,5.8,2.0,69.0,71.0
Bayern München,Köln,3-0,https://www.besoccer.com/match/bayern-munchen/1-fc-koln/1993193,1993,22,bundesliga,18,34,0,3,0,1,44,12,8,1,42,22,6.6000000000000005,6,4,1,20,11,15,22,7,1,13,27,36,3.0000000000000004,1,0,9,7,22,7.0,0.0,88.0,81.0
Werder Bremen,Schalke 04,2-0,https://www.besoccer.com/match/werder-bremen/schalke-04/1993194,1993,22,bundesliga,18,34,0,2,0,4,38,10,8,3,35,21,4.4,8,3,0,22,4,12,24,5,9,7,20,27,2.2,4,2,5,10,16,7.800000000000001,1.4,85.0,72.0
B. Mönchengladbach,Kaiserslautern,2-2,https://www.besoccer.com/match/borussia-monchengla/kaiserslautern/1993195,1993,22,bundesliga,18,34,1,2,2,10,25,6,7,8,31,37,6.800000000000001,3,5,3,19,20,8,30,9,3,9,33,24,2.8000000000000003,4,0,6,15,12,6.4,6.0,78.0,83.0
Stuttgart,VfL Bochum,4-1,https://www.besoccer.com/match/stuttgart/bochum/1993196,1993,22,bundesliga,18,34,0,4,1,9,27,6,9,6,29,32,1.6,6,2,2,19,11,17,16,3,7,11,23,33,5.6,0,2,9,6,20,2.6000000000000005,1.0,83.0,73.0
B. Leverkusen,Hamburger SV,1-1,https://www.besoccer.com/match/bayer-leverkusen/hamburger-sv/1993197,1993,22,bundesliga,18,34,1,1,1,5,33,8,9,4,43,27,6.2,5,4,1,27,13,14,23,4,11,6,27,26,4.2,1,7,3,15,19,4.6,2.4000000000000004,82.0,79.0
B. Dortmund,Eintracht Frankfurt,3-0,https://www.besoccer.com/match/borussia-dortmund/eintracht-frankfurt/1993198,1993,22,bundesliga,18,34,0,3,0,3,38,11,5,5,37,25,5.800000000000001,8,1,2,24,11,2,41,11,8,2,40,22,6.2,5,3,2,13,10,8.600000000000001,4.6,84.0,84.0
KFC Uerdingen 05,Werder Bremen,0-2,https://www.besoccer.com/match/kfc-uerdingen-05/werder-bremen/1993199,1993,23,bundesliga,18,34,2,0,2,18,16,3,7,12,21,47,1.4,2,4,4,11,21,4,41,11,8,3,37,21,5.8,2,5,3,13,17,2.0,2.4000000000000004,68.0,85.0
VfL Bochum,Nürnberg,4-0,https://www.besoccer.com/match/bochum/fc-nurnberg/1993200,1993,23,bundesliga,18,34,0,4,0,17,16,3,7,12,24,37,4.200000000000001,3,5,2,17,13,7,31,9,4,9,21,26,4.0,3,2,6,8,17,6.4,1.7999999999999998,73.0,77.0
Karlsruher SC,B. Leverkusen,1-1,https://www.besoccer.com/match/karlsruher-sc/bayer-leverkusen/1993201,1993,23,bundesliga,18,34,1,1,1,6,33,9,6,7,41,40,2.2,7,3,0,27,11,5,34,8,10,4,44,28,5.6,3,5,3,16,14,5.4,4.800000000000001,77.0,82.0
Dynamo Dresden,B. Dortmund,3-0,https://www.besoccer.com/match/sg-dynamo-dresden/borussia-dortmund/1993202,1993,23,bundesliga,18,34,0,3,0,15,23,5,8,9,24,33,1.2000000000000002,5,2,4,15,12,3,41,12,5,5,40,25,6.6,3,4,3,13,14,2.8000000000000003,2.4,71.0,84.0
Schalke 04,Stuttgart,1-0,https://www.besoccer.com/match/schalke-04/stuttgart/1993203,1993,23,bundesliga,18,34,0,1,0,12,24,5,9,8,20,29,1.4000000000000001,1,7,2,10,11,9,30,7,9,6,33,33,4.0,0,7,4,10,21,4.2,2.2,72.0,83.0
Kaiserslautern,Saarbrücken,1-1,https://www.besoccer.com/match/kaiserslautern/saarbrucken/1993204,1993,23,bundesliga,18,34,1,1,1,8,31,9,4,9,35,26,2.4000000000000004,5,3,3,18,12,11,25,5,10,7,34,39,3.4000000000000004,1,6,4,17,24,2.0,3.0,83.0,65.0
Köln,Wattenscheid 09,3-0,https://www.besoccer.com/match/1-fc-koln/wattenscheid-09/1993205,1993,23,bundesliga,18,34,0,3,0,16,22,7,1,14,27,39,1.7999999999999998,6,1,4,20,14,14,24,6,6,10,30,41,5.4,1,2,7,12,26,6.6,0.8,81.0,69.0
Eintracht Frankfurt,B. Mönchengladbach,1-3,https://www.besoccer.com/match/eintracht-frankfurt/borussia-monchengla/1993206,1993,23,bundesliga,18,34,2,1,3,2,41,11,8,3,40,25,4.200000000000001,6,5,0,27,12,10,26,6,8,8,33,39,5.800000000000001,3,2,5,12,17,7.800000000000001,4.8,84.0,78.0
Hamburger SV,Bayern München,3-1,https://www.besoccer.com/match/hamburger-sv/bayern-munchen/1993207,1993,23,bundesliga,18,34,0,3,1,13,24,4,12,6,28,27,4.0,3,4,3,12,7,1,47,13,8,1,45,22,7.4,6,4,0,22,11,5.6000000000000005,5.800000000000001,80.0,88.0
Wattenscheid 09,Bayern München,2-0,https://www.besoccer.com/match/wattenscheid-09/bayern-munchen/1993209,1993,24,bundesliga,18,34,0,2,0,16,24,6,6,11,30,44,3.8000000000000007,5,4,3,18,15,1,47,13,8,2,46,25,4.800000000000001,6,4,1,23,14,7.200000000000001,3.5999999999999996,69.0,87.0
Saarbrücken,Eintracht Frankfurt,0-0,https://www.besoccer.com/match/saarbrucken/eintracht-frankfurt/1993210,1993,24,bundesliga,18,34,1,0,0,13,26,5,11,7,35,40,3.0,4,4,3,17,15,3,41,11,8,4,41,28,2.4,5,3,3,13,13,3.5999999999999996,3.2,66.0,83.0
B. Mönchengladbach,Dynamo Dresden,5-1,https://www.besoccer.com/match/borussia-monchengla/sg-dynamo-dresden/1993208,1993,24,bundesliga,18,34,0,5,1,10,29,7,8,8,36,40,6.8,3,6,3,21,22,14,26,6,8,9,27,33,3.8,0,6,5,9,21,5.800000000000001,1.2000000000000002,78.0,72.0
Stuttgart,KFC Uerdingen 05,1-2,https://www.besoccer.com/match/stuttgart/kfc-uerdingen-05/1993216,1993,24,bundesliga,18,34,2,1,2,9,30,7,9,7,33,34,3.0000000000000004,7,2,2,23,12,18,16,3,7,13,21,49,1.0,1,3,8,10,26,4.6,1.0,83.0,68.0
Nürnberg,Schalke 04,1-4,https://www.besoccer.com/match/fc-nurnberg/schalke-04/1993211,1993,24,bundesliga,18,34,2,1,4,8,31,9,4,10,21,30,2.6000000000000005,6,2,3,13,9,11,27,6,9,8,21,29,3.8,4,2,6,10,18,5.800000000000001,1.0,77.0,72.0
B. Dortmund,Köln,4-1,https://www.besoccer.com/match/borussia-dortmund/1-fc-koln/1993212,1993,24,bundesliga,18,34,0,4,1,4,41,12,5,6,40,28,4.4,9,1,2,27,11,15,25,8,1,14,30,39,4.2,1,0,10,7,25,9.0,0.0,84.0,81.0
B. Leverkusen,VfL Bochum,3-1,https://www.besoccer.com/match/bayer-leverkusen/bochum/1993213,1993,24,bundesliga,18,34,0,3,1,5,35,8,11,4,45,29,5.0,5,5,1,28,14,17,19,4,7,12,28,37,5.8,0,2,10,7,24,4.4,0.8,82.0,73.0
Werder Bremen,Kaiserslautern,1-0,https://www.besoccer.com/match/werder-bremen/kaiserslautern/1993214,1993,24,bundesliga,18,34,0,1,0,2,44,12,8,3,39,21,6.800000000000001,9,3,0,24,4,7,32,9,5,9,36,27,2.4,4,1,6,17,14,8.2,4.6,85.0,83.0
Karlsruher SC,Hamburger SV,1-0,https://www.besoccer.com/match/karlsruher-sc/hamburger-sv/1993215,1993,24,bundesliga,18,34,0,1,0,6,34,9,7,7,42,41,2.6,7,4,0,28,12,12,27,5,12,6,31,28,5.8,1,8,3,16,20,4.2,2.2,77.0,80.0
KFC Uerdingen 05,Nürnberg,2-1,https://www.besoccer.com/match/kfc-uerdingen-05/fc-nurnberg/1993217,1993,25,bundesliga,18,34,0,2,1,18,19,4,7,13,23,50,3.6,2,4,5,11,23,9,31,9,4,11,22,34,1.2000000000000002,3,2,7,8,21,1.0,1.2000000000000002,69.0,76.0
Schalke 04,B. Leverkusen,2-1,https://www.besoccer.com/match/schalke-04/bayer-leverkusen/1993218,1993,25,bundesliga,18,34,0,2,1,11,30,7,9,8,25,30,5.800000000000001,2,7,2,11,11,5,38,9,11,4,48,30,6.2,3,6,3,17,15,5.8,4.4,73.0,83.0
Kaiserslautern,Stuttgart,0-0,https://www.besoccer.com/match/kaiserslautern/stuttgart/1993219,1993,25,bundesliga,18,34,1,0,0,8,32,9,5,10,36,28,1.8,5,4,3,19,13,10,30,7,9,8,34,36,2.1999999999999997,0,7,5,10,22,2.0,1.4000000000000001,83.0,83.0
Bayern München,B. Dortmund,2-0,https://www.besoccer.com/match/bayern-munchen/borussia-dortmund/1993220,1993,25,bundesliga,18,34,0,2,0,1,47,13,8,3,46,27,2.8,7,4,1,23,11,3,44,13,5,6,44,29,5.8,3,4,4,13,17,7.800000000000001,1.8,87.0,84.0
Eintracht Frankfurt,Werder Bremen,3-0,https://www.besoccer.com/match/eintracht-frankfurt/werder-bremen/1993221,1993,25,bundesliga,18,34,0,3,0,4,42,11,9,4,41,28,2.2,6,5,1,28,15,2,47,13,8,3,40,21,7.800000000000001,3,5,3,15,17,5.2,4.2,83.0,86.0
Köln,B. Mönchengladbach,1-2,https://www.besoccer.com/match/1-fc-koln/borussia-monchengla/1993222,1993,25,bundesliga,18,34,2,1,2,16,25,8,1,15,31,43,3.0000000000000004,7,1,4,23,14,7,32,8,8,8,41,41,7.800000000000001,4,2,5,15,18,7.200000000000001,6.6000000000000005,81.0,78.0
Dynamo Dresden,Saarbrücken,0-0,https://www.besoccer.com/match/sg-dynamo-dresden/saarbrucken/1993223,1993,25,bundesliga,18,34,1,0,0,15,26,6,8,10,28,38,2.8000000000000003,6,2,4,18,12,13,27,5,12,7,35,40,3.0,1,7,4,18,25,4.4,2.8,72.0,66.0
Hamburger SV,Wattenscheid 09,1-1,https://www.besoccer.com/match/hamburger-sv/wattenscheid-09/1993224,1993,25,bundesliga,18,34,1,1,1,12,27,5,12,7,31,29,4.200000000000001,4,4,3,15,8,14,27,7,6,11,32,44,5.4,1,2,8,12,29,7.0,0.6,80.0,70.0
VfL Bochum,Karlsruher SC,2-2,https://www.besoccer.com/match/bochum/karlsruher-sc/1993225,1993,25,bundesliga,18,34,1,2,2,17,19,4,7,13,29,40,3.8000000000000007,4,5,2,21,13,6,37,10,7,7,43,41,4.8,2,3,7,14,29,7.800000000000001,1.2,73.0,77.0
B. Dortmund,Wattenscheid 09,6-0,https://www.besoccer.com/match/borussia-dortmund/wattenscheid-09/1993226,1993,26,bundesliga,18,34,0,6,0,4,44,13,5,7,44,31,3.8000000000000007,10,1,2,31,12,14,28,7,7,11,33,45,4.6000000000000005,1,3,8,13,30,9.0,1.4,84.0,70.0
Werder Bremen,Dynamo Dresden,3-0,https://www.besoccer.com/match/werder-bremen/sg-dynamo-dresden/1993227,1993,26,bundesliga,18,34,0,3,0,2,47,13,8,4,40,24,5.4,10,3,0,25,4,15,27,6,9,10,28,38,3.0,0,6,6,10,26,8.600000000000001,0.6000000000000001,85.0,71.0
Nürnberg,Kaiserslautern,0-0,https://www.besoccer.com/match/fc-nurnberg/kaiserslautern/1993228,1993,26,bundesliga,18,34,1,0,0,11,31,9,4,12,23,36,0.4,6,2,4,14,13,8,33,9,6,10,36,28,2.2,4,1,7,17,15,3.8,2.6000000000000005,76.0,83.0
VfL Bochum,Hamburger SV,1-2,https://www.besoccer.com/match/bochum/hamburger-sv/1993229,1993,26,bundesliga,18,34,2,1,2,18,20,4,8,13,31,42,3.4,4,6,2,23,15,12,28,5,13,7,32,30,3.8,1,8,4,16,21,6.6000000000000005,1.4000000000000001,73.0,80.0
Saarbrücken,Köln,0-3,https://www.besoccer.com/match/saarbrucken/1-fc-koln/1993230,1993,26,bundesliga,18,34,2,0,3,13,28,5,13,7,35,40,3.0,4,5,3,17,15,16,25,8,1,16,32,45,1.7999999999999998,1,0,11,8,29,3.6000000000000005,0.0,66.0,80.0
Karlsruher SC,Schalke 04,0-0,https://www.besoccer.com/match/karlsruher-sc/schalke-04/1993231,1993,26,bundesliga,18,34,1,0,0,6,38,10,8,7,45,43,4.6000000000000005,8,4,0,29,12,9,33,8,9,8,27,31,7.4,5,2,6,14,19,5.4,3.6,77.0,73.0
B. Mönchengladbach,Bayern München,2-2,https://www.besoccer.com/match/borussia-monchengla/bayern-munchen/1993232,1993,26,bundesliga,18,34,1,2,2,7,35,9,8,8,43,42,8.2,4,6,3,26,23,1,50,14,8,3,48,27,4.4,6,4,2,23,16,7.0,2.0,78.0,87.0
Stuttgart,Eintracht Frankfurt,2-2,https://www.besoccer.com/match/stuttgart/eintracht-frankfurt/1993233,1993,26,bundesliga,18,34,1,2,2,10,31,7,10,8,34,36,2.4000000000000004,7,2,3,24,14,3,45,12,9,4,44,28,4.4,5,4,3,13,13,3.0000000000000004,2.8000000000000003,83.0,83.0
B. Leverkusen,KFC Uerdingen 05,1-0,https://www.besoccer.com/match/bayer-leverkusen/kfc-uerdingen-05/1993234,1993,26,bundesliga,18,34,0,1,0,5,38,9,11,5,49,32,4.0,6,5,1,31,15,17,22,5,7,13,25,51,5.800000000000001,2,3,8,12,27,6.2,3.8,82.0,69.0
Wattenscheid 09,B. Mönchengladbach,3-1,https://www.besoccer.com/match/wattenscheid-09/borussia-monchengla/1993236,1993,27,bundesliga,18,34,0,3,1,14,28,7,7,12,33,51,3.2,6,4,3,20,15,7,36,9,9,8,45,44,6.6000000000000005,5,2,5,17,19,8.2,7.800000000000001,69.0,79.0
Köln,Werder Bremen,0-0,https://www.besoccer.com/match/1-fc-koln/werder-bremen/1993235,1993,27,bundesliga,18,34,1,0,0,15,28,9,1,16,35,45,4.2,7,1,5,24,16,2,50,14,8,4,43,24,6.6,3,5,4,15,20,4.800000000000001,3.0000000000000004,81.0,85.0
Bayern München,Saarbrücken,6-0,https://www.besoccer.com/match/bayern-munchen/saarbrucken/1993237,1993,27,bundesliga,18,34,0,6,0,1,51,14,9,3,50,29,4.0,8,4,1,25,11,13,28,5,13,8,35,43,2.0,1,8,4,18,25,8.600000000000001,3.0,87.0,65.0
Schalke 04,VfL Bochum,0-3,https://www.besoccer.com/match/schalke-04/bochum/1993238,1993,27,bundesliga,18,34,2,0,3,9,34,8,10,8,27,31,6.4,3,7,2,13,12,18,20,4,8,14,32,44,2.0,0,2,11,8,27,7.0,0.6,73.0,73.0
Eintracht Frankfurt,Nürnberg,0-0,https://www.besoccer.com/match/eintracht-frankfurt/fc-nurnberg/1993239,1993,27,bundesliga,18,34,1,0,0,4,46,12,10,4,46,30,4.0,7,5,1,31,15,10,32,9,5,12,23,36,1.2,3,2,8,9,23,6.2,0.6000000000000001,83.0,76.0
Kaiserslautern,B. Leverkusen,4-0,https://www.besoccer.com/match/kaiserslautern/bayer-leverkusen/1993240,1993,27,bundesliga,18,34,0,4,0,8,34,9,7,10,36,28,2.4000000000000004,5,5,3,19,13,5,41,10,11,5,50,32,5.4,3,6,4,18,17,2.4,2.8,83.0,82.0
Dynamo Dresden,Stuttgart,0-0,https://www.besoccer.com/match/sg-dynamo-dresden/stuttgart/1993241,1993,27,bundesliga,18,34,1,0,0,16,27,6,9,11,28,41,2.0,6,3,4,18,12,11,32,7,11,8,36,38,2.4000000000000004,0,8,5,10,22,4.0,1.8,71.0,83.0
KFC Uerdingen 05,Karlsruher SC,1-1,https://www.besoccer.com/match/kfc-uerdingen-05/karlsruher-sc/1993242,1993,27,bundesliga,18,34,1,1,1,17,22,5,7,14,25,52,4.4,3,4,5,13,24,6,39,10,9,7,45,43,4.2,2,4,7,16,31,3.6,1.8,69.0,77.0
Hamburger SV,B. Dortmund,1-2,https://www.besoccer.com/match/hamburger-sv/borussia-dortmund/1993243,1993,27,bundesliga,18,34,2,1,2,12,31,6,13,7,34,31,5.2,4,5,3,16,9,3,47,14,5,7,50,31,5.4,3,4,5,13,19,5.800000000000001,1.2000000000000002,80.0,84.0
Werder Bremen,Bayern München,4-1,https://www.besoccer.com/match/werder-bremen/bayern-munchen/1993244,1993,28,bundesliga,18,34,0,4,1,2,51,14,9,4,43,24,5.200000000000001,11,3,0,28,4,1,54,15,9,3,56,29,5.6,6,5,2,25,18,9.0,2.0,85.0,87.0
Stuttgart,Köln,2-0,https://www.besoccer.com/match/stuttgart/1-fc-koln/1993246,1993,28,bundesliga,18,34,0,2,0,10,33,7,12,8,36,38,2.4,7,3,3,26,16,14,29,9,2,16,35,45,4.0,2,0,11,11,29,3.0,3.0,83.0,81.0
Saarbrücken,Wattenscheid 09,0-1,https://www.besoccer.com/match/saarbrucken/wattenscheid-09/1993250,1993,28,bundesliga,18,34,2,0,1,15,28,5,13,9,35,49,1.2000000000000002,4,5,4,17,18,13,31,8,7,12,36,52,4.800000000000001,1,3,9,13,36,2.4000000000000004,1.0,65.0,70.0
Karlsruher SC,Kaiserslautern,1-1,https://www.besoccer.com/match/karlsruher-sc/kaiserslautern/1993245,1993,28,bundesliga,18,34,1,1,1,6,40,10,10,7,46,44,3.8,8,5,0,29,12,7,37,10,7,10,40,28,4.6,4,2,7,17,15,4.6000000000000005,2.2,77.0,83.0
B. Mönchengladbach,B. Dortmund,0-3,https://www.besoccer.com/match/borussia-monchengla/borussia-dortmund/1993247,1993,28,bundesliga,18,34,2,0,3,8,36,9,9,9,46,47,4.4,4,7,3,28,25,3,50,15,5,7,52,32,6.6000000000000005,4,4,5,15,20,5.800000000000001,3.6,78.0,84.0
VfL Bochum,KFC Uerdingen 05,4-1,https://www.besoccer.com/match/bochum/kfc-uerdingen-05/1993248,1993,28,bundesliga,18,34,0,4,1,18,23,5,8,14,35,44,4.2,4,6,3,24,17,17,23,5,8,14,26,53,4.0,2,3,9,12,28,4.4,3.0000000000000004,73.0,69.0
B. Leverkusen,Eintracht Frankfurt,1-1,https://www.besoccer.com/match/bayer-leverkusen/eintracht-frankfurt/1993249,1993,28,bundesliga,18,34,1,1,1,5,41,10,11,6,50,36,3.8000000000000007,7,5,1,32,15,4,47,12,11,4,46,30,4.0,5,5,3,15,15,7.4,2.4000000000000004,82.0,83.0
Nürnberg,Dynamo Dresden,0-0,https://www.besoccer.com/match/fc-nurnberg/sg-dynamo-dresden/1993251,1993,28,bundesliga,18,34,1,0,0,11,33,9,6,12,23,36,1.8,6,3,4,14,13,16,28,6,10,11,28,41,2.2,0,6,7,10,29,3.4000000000000004,0.2,76.0,71.0
Schalke 04,Hamburger SV,0-0,https://www.besoccer.com/match/schalke-04/hamburger-sv/1993252,1993,28,bundesliga,18,34,1,0,0,9,34,8,10,9,27,34,4.4,3,7,3,13,15,12,31,6,13,8,35,33,3.6000000000000005,2,8,4,18,22,4.800000000000001,3.8,73.0,80.0
Eintracht Frankfurt,Karlsruher SC,4-1,https://www.besoccer.com/match/eintracht-frankfurt/karlsruher-sc/1993253,1993,29,bundesliga,18,34,0,4,1,4,48,12,12,4,47,31,3.8,7,6,1,31,15,6,41,10,11,7,47,45,3.4000000000000004,2,5,7,17,32,5.200000000000001,2.4,83.0,77.0
B. Dortmund,Saarbrücken,3-0,https://www.besoccer.com/match/borussia-dortmund/saarbrucken/1993254,1993,29,bundesliga,18,34,0,3,0,3,53,16,5,7,55,32,7.800000000000001,11,1,2,37,12,16,28,5,13,10,35,50,0.6000000000000001,1,8,5,18,31,9.0,2.0,85.0,65.0
Bayern München,Stuttgart,5-3,https://www.besoccer.com/match/bayern-munchen/stuttgart/1993255,1993,29,bundesliga,18,34,0,5,3,1,54,15,9,4,57,33,4.200000000000001,9,4,1,31,11,8,36,8,12,8,38,38,4.8,0,9,5,10,22,9.0,2.2,87.0,83.0
KFC Uerdingen 05,Schalke 04,4-2,https://www.besoccer.com/match/kfc-uerdingen-05/schalke-04/1993256,1993,29,bundesliga,18,34,0,4,2,18,23,5,8,15,27,57,2.6000000000000005,3,5,5,14,25,10,35,8,11,9,27,34,3.4000000000000004,5,3,6,14,19,3.6000000000000005,3.6000000000000005,69.0,73.0
Hamburger SV,B. Mönchengladbach,0-2,https://www.besoccer.com/match/hamburger-sv/borussia-monchengla/1993257,1993,29,bundesliga,18,34,2,0,2,13,32,6,14,8,35,33,3.1999999999999997,4,5,4,17,11,9,36,9,9,10,46,50,2.4000000000000004,5,2,6,18,22,4.0,5.4,80.0,78.0
Köln,Nürnberg,2-0,https://www.besoccer.com/match/1-fc-koln/fc-nurnberg/1993258,1993,29,bundesliga,18,34,0,2,0,14,29,9,2,17,35,47,2.5999999999999996,7,2,5,24,16,11,34,9,7,12,23,36,2.4,3,3,8,9,23,4.0,1.0,80.0,76.0
Dynamo Dresden,B. Leverkusen,2-0,https://www.besoccer.com/match/sg-dynamo-dresden/bayer-leverkusen/1993259,1993,29,bundesliga,18,34,0,2,0,15,29,6,11,11,28,41,2.2,6,4,4,18,12,5,42,10,12,6,51,37,3.4,3,6,5,18,21,4.0,1.8000000000000003,71.0,82.0
Wattenscheid 09,Werder Bremen,2-2,https://www.besoccer.com/match/wattenscheid-09/werder-bremen/1993260,1993,29,bundesliga,18,34,1,2,2,12,34,9,7,12,37,52,6.4,7,4,3,23,16,2,54,15,9,4,47,25,6.2,3,6,4,15,20,8.600000000000001,3.0,70.0,86.0
Kaiserslautern,VfL Bochum,3-1,https://www.besoccer.com/match/kaiserslautern/bochum/1993261,1993,29,bundesliga,18,34,0,3,1,7,38,10,8,10,41,29,4.4,6,5,3,23,13,17,26,6,8,14,39,45,5.800000000000001,1,2,11,11,27,4.8,3.4,83.0,74.0
Karlsruher SC,Dynamo Dresden,3-1,https://www.besoccer.com/match/karlsruher-sc/sg-dynamo-dresden/1993262,1993,30,bundesliga,18,34,0,3,1,6,41,10,11,8,48,49,2.0,8,6,0,30,13,15,32,7,11,11,30,41,4.6,0,7,7,10,29,4.2,1.0,77.0,72.0
KFC Uerdingen 05,Hamburger SV,0-2,https://www.besoccer.com/match/kfc-uerdingen-05/hamburger-sv/1993263,1993,30,bundesliga,18,34,2,0,2,18,26,6,8,15,31,59,4.2,4,5,5,18,27,13,32,6,14,9,35,35,2.2,2,9,4,18,22,5.6,3.8000000000000003,69.0,79.0
Schalke 04,Kaiserslautern,4-0,https://www.besoccer.com/match/schalke-04/kaiserslautern/1993264,1993,30,bundesliga,18,34,0,4,0,11,35,8,11,10,29,38,1.8,3,8,3,13,15,7,41,11,8,10,44,30,6.2,4,3,7,18,16,4.2,2.2,72.0,83.0
Saarbrücken,B. Mönchengladbach,0-4,https://www.besoccer.com/match/saarbrucken/borussia-monchengla/1993265,1993,30,bundesliga,18,34,2,0,4,16,28,5,13,11,35,53,0.2,4,5,5,17,19,8,39,10,9,10,48,50,4.0,6,2,6,20,22,1.2000000000000002,6.6,65.0,78.0
VfL Bochum,Eintracht Frankfurt,1-0,https://www.besoccer.com/match/bochum/eintracht-frankfurt/1993266,1993,30,bundesliga,18,34,0,1,0,17,26,6,8,15,40,48,4.4,5,6,3,28,18,4,51,13,12,4,51,32,5.4,5,6,3,16,16,5.4,2.4,73.0,83.0
Nürnberg,Bayern München,0-0,https://www.besoccer.com/match/fc-nurnberg/bayern-munchen/1993267,1993,30,bundesliga,18,34,1,0,0,12,34,9,7,13,23,38,1.8,6,4,4,14,13,1,57,16,9,4,62,36,5.8,6,5,3,26,22,2.8,1.0,76.0,87.0
Stuttgart,Wattenscheid 09,4-1,https://www.besoccer.com/match/stuttgart/wattenscheid-09/1993268,1993,30,bundesliga,18,34,0,4,1,9,36,8,12,9,41,43,3.6000000000000005,8,3,3,28,16,10,35,9,8,12,39,54,5.4,2,3,9,14,36,5.0,3.6,83.0,70.0
B. Leverkusen,Köln,3-0,https://www.besoccer.com/match/bayer-leverkusen/1-fc-koln/1993269,1993,30,bundesliga,18,34,0,3,0,5,42,10,12,7,51,39,2.0,7,6,1,33,16,14,32,10,2,17,37,47,4.800000000000001,2,0,12,11,31,6.2,2.4000000000000004,82.0,81.0
Werder Bremen,B. Dortmund,1-0,https://www.besoccer.com/match/werder-bremen/borussia-dortmund/1993270,1993,30,bundesliga,18,34,0,1,0,3,55,15,10,4,49,27,5.200000000000001,12,3,0,32,5,2,56,17,5,7,58,32,8.4,5,4,5,18,20,9.0,5.6000000000000005,86.0,84.0
B. Dortmund,Stuttgart,0-4,https://www.besoccer.com/match/borussia-dortmund/stuttgart/1993271,1993,31,bundesliga,18,34,2,0,4,3,56,17,5,8,58,33,6.0,12,1,2,40,12,9,39,9,12,9,45,44,5.4,0,9,6,13,27,9.0,1.6,84.0,83.0
B. Mönchengladbach,Werder Bremen,3-1,https://www.besoccer.com/match/borussia-monchengla/werder-bremen/1993272,1993,31,bundesliga,18,34,0,3,1,7,42,11,9,10,52,50,5.6000000000000005,4,7,4,28,28,2,58,16,10,4,50,27,6.6,3,7,4,17,22,3.5999999999999996,3.0,78.0,86.0
Kaiserslautern,KFC Uerdingen 05,2-1,https://www.besoccer.com/match/kaiserslautern/kfc-uerdingen-05/1993273,1993,31,bundesliga,18,34,0,2,1,8,41,11,8,11,44,34,4.4,7,5,3,26,14,18,26,6,8,16,31,61,2.8000000000000003,2,3,10,13,32,6.6000000000000005,2.1999999999999997,83.0,69.0
Köln,Karlsruher SC,2-0,https://www.besoccer.com/match/1-fc-koln/karlsruher-sc/1993274,1993,31,bundesliga,18,34,0,2,0,14,32,10,2,18,37,50,3.4000000000000004,8,2,5,26,16,6,44,11,11,8,51,50,4.2,2,5,8,18,36,5.6000000000000005,1.8,80.0,77.0
Dynamo Dresden,VfL Bochum,0-0,https://www.besoccer.com/match/sg-dynamo-dresden/bochum/1993275,1993,31,bundesliga,18,34,1,0,0,15,32,7,11,12,31,44,3.4000000000000004,7,4,4,20,12,16,29,7,8,15,41,48,6.0,1,2,12,12,30,5.8,2.6000000000000005,72.0,74.0
Wattenscheid 09,Nürnberg,4-1,https://www.besoccer.com/match/wattenscheid-09/fc-nurnberg/1993276,1993,31,bundesliga,18,34,0,4,1,12,35,9,8,13,40,58,3.8,7,5,3,25,18,13,35,9,8,13,23,38,2.2,3,3,9,9,25,7.0,0.8,70.0,76.0
Hamburger SV,Saarbrücken,2-0,https://www.besoccer.com/match/hamburger-sv/saarbrucken/1993277,1993,31,bundesliga,18,34,0,2,0,11,35,7,14,9,37,35,4.2,4,5,5,17,13,17,28,5,13,12,35,57,0.0,1,8,6,18,34,2.4000000000000004,1.2000000000000002,79.0,65.0
Bayern München,B. Leverkusen,4-1,https://www.besoccer.com/match/bayern-munchen/bayer-leverkusen/1993278,1993,31,bundesliga,18,34,0,4,1,1,58,16,10,4,62,36,4.800000000000001,10,4,1,36,14,5,45,11,12,7,54,39,4.2,3,6,6,18,23,9.0,1.0,87.0,82.0
Eintracht Frankfurt,Schalke 04,0-3,https://www.besoccer.com/match/eintracht-frankfurt/schalke-04/1993279,1993,31,bundesliga,18,34,2,0,3,4,51,13,12,5,51,33,3.6000000000000005,8,6,1,35,16,10,38,9,11,10,33,38,3.8,5,3,7,16,23,6.2,2.5999999999999996,83.0,73.0
Hamburger SV,Kaiserslautern,2-2,https://www.besoccer.com/match/hamburger-sv/kaiserslautern/1993280,1993,32,bundesliga,18,34,1,2,2,11,38,8,14,9,39,35,5.800000000000001,5,5,5,19,13,8,44,12,8,11,46,35,5.8,4,3,8,18,20,4.0,1.6,80.0,83.0
Schalke 04,Dynamo Dresden,2-0,https://www.besoccer.com/match/schalke-04/sg-dynamo-dresden/1993281,1993,32,bundesliga,18,34,0,2,0,10,41,10,11,10,36,38,5.800000000000001,4,8,3,17,15,15,33,7,12,12,31,44,3.4,0,7,8,11,32,5.6000000000000005,0.8,73.0,72.0
Saarbrücken,Werder Bremen,0-4,https://www.besoccer.com/match/saarbrucken/werder-bremen/1993282,1993,32,bundesliga,18,34,2,0,4,17,28,5,13,13,35,59,0.0,4,5,6,17,23,2,58,16,10,5,51,30,4.4,3,7,5,18,25,0.6000000000000001,2.0,65.0,85.0
Stuttgart,B. Mönchengladbach,3-2,https://www.besoccer.com/match/stuttgart/borussia-monchengla/1993283,1993,32,bundesliga,18,34,0,3,2,9,42,10,12,9,49,44,6.800000000000001,9,3,3,32,17,6,45,12,9,10,55,51,7.2,7,2,6,24,22,6.6000000000000005,7.200000000000001,83.0,79.0
VfL Bochum,Köln,0-0,https://www.besoccer.com/match/bochum/1-fc-koln/1993284,1993,32,bundesliga,18,34,1,0,0,16,30,7,9,15,41,48,5.200000000000001,6,6,3,29,18,14,35,11,2,18,39,50,5.0,2,0,13,11,34,6.4,1.7999999999999998,74.0,81.0
Nürnberg,B. Dortmund,1-2,https://www.besoccer.com/match/fc-nurnberg/borussia-dortmund/1993285,1993,32,bundesliga,18,34,2,1,2,13,35,9,8,14,24,42,1.4000000000000001,6,5,4,14,13,3,56,17,5,9,58,37,3.6,5,4,6,18,21,2.6,4.2,76.0,84.0
KFC Uerdingen 05,Eintracht Frankfurt,2-0,https://www.besoccer.com/match/kfc-uerdingen-05/eintracht-frankfurt/1993286,1993,32,bundesliga,18,34,0,2,0,18,26,6,8,17,32,63,1.9999999999999998,4,5,6,18,29,4,51,13,12,6,51,36,2.4,5,6,4,16,17,4.200000000000001,1.8,69.0,83.0
B. Leverkusen,Wattenscheid 09,3-1,https://www.besoccer.com/match/bayer-leverkusen/wattenscheid-09/1993287,1993,32,bundesliga,18,34,0,3,1,5,45,11,12,8,55,43,2.8000000000000003,8,6,1,36,16,12,38,10,8,13,44,59,5.4,2,3,10,15,40,7.0,2.8000000000000003,82.0,70.0
Karlsruher SC,Bayern München,4-2,https://www.besoccer.com/match/karlsruher-sc/bayern-munchen/1993288,1993,32,bundesliga,18,34,0,4,2,7,44,11,11,9,51,52,3.0000000000000004,9,6,0,33,14,1,61,17,10,4,66,37,6.2,6,6,3,26,22,5.8,1.6,77.0,87.0
Eintracht Frankfurt,Kaiserslautern,3-0,https://www.besoccer.com/match/eintracht-frankfurt/kaiserslautern/1993289,1993,33,bundesliga,18,34,0,3,0,4,51,13,12,7,51,38,1.4000000000000001,8,6,2,35,19,8,45,12,9,11,48,37,4.800000000000001,4,4,8,20,22,4.200000000000001,2.0,82.0,83.0
Werder Bremen,Hamburger SV,5-0,https://www.besoccer.com/match/werder-bremen/hamburger-sv/1993290,1993,33,bundesliga,18,34,0,5,0,2,61,17,10,5,55,30,5.8,13,3,0,33,5,11,39,8,15,9,41,37,5.4,3,9,4,20,22,9.0,5.8,85.0,80.0
Wattenscheid 09,Karlsruher SC,0-2,https://www.besoccer.com/match/wattenscheid-09/karlsruher-sc/1993291,1993,33,bundesliga,18,34,2,0,2,12,38,10,8,14,45,62,3.4000000000000004,8,5,3,29,19,6,47,12,11,9,55,54,5.0,2,5,9,18,38,7.4,1.2000000000000002,70.0,77.0
B. Mönchengladbach,Nürnberg,2-1,https://www.besoccer.com/match/borussia-monchengla/fc-nurnberg/1993292,1993,33,bundesliga,18,34,0,2,1,7,45,12,9,11,57,54,5.4,5,7,4,31,29,14,35,9,8,15,25,44,0.8,3,3,10,10,29,5.0,0.6,79.0,75.0
Dynamo Dresden,KFC Uerdingen 05,1-1,https://www.besoccer.com/match/sg-dynamo-dresden/kfc-uerdingen-05/1993293,1993,33,bundesliga,18,34,1,1,1,15,33,7,12,13,31,46,2.2,7,5,4,20,12,17,29,7,8,17,34,63,4.2,2,3,11,14,34,5.0,1.4000000000000001,71.0,69.0
Saarbrücken,Stuttgart,1-4,https://www.besoccer.com/match/saarbrucken/stuttgart/1993294,1993,33,bundesliga,18,34,2,1,4,18,28,5,13,14,35,63,0.0,4,5,7,17,27,9,45,11,12,9,52,46,7.800000000000001,1,9,6,17,27,0.2,4.0,65.0,83.0
Köln,Schalke 04,2-1,https://www.besoccer.com/match/1-fc-koln/schalke-04/1993295,1993,33,bundesliga,18,34,0,2,1,13,36,11,3,18,39,50,4.6000000000000005,9,2,5,28,16,10,44,11,11,10,38,38,7.4,6,3,7,19,23,6.6000000000000005,4.800000000000001,81.0,74.0
B. Dortmund,B. Leverkusen,1-2,https://www.besoccer.com/match/borussia-dortmund/bayer-leverkusen/1993296,1993,33,bundesliga,18,34,2,1,2,3,59,18,5,9,60,38,4.800000000000001,12,1,3,40,16,5,48,12,12,8,58,44,5.0,3,6,7,19,27,6.0,0.2,84.0,82.0
Bayern München,VfL Bochum,3-1,https://www.besoccer.com/match/bayern-munchen/bochum/1993297,1993,33,bundesliga,18,34,0,3,1,1,61,17,10,5,68,41,4.200000000000001,11,4,1,40,15,16,31,7,10,15,41,48,4.2,1,3,12,12,30,9.0,2.8,87.0,74.0
KFC Uerdingen 05,Köln,0-0,https://www.besoccer.com/match/kfc-uerdingen-05/1-fc-koln/1993298,1993,34,bundesliga,18,34,1,0,0,17,30,7,9,17,35,64,4.0,5,5,6,20,29,12,39,12,3,18,41,51,6.2,2,1,13,11,34,5.8,2.2,69.0,81.0
Nürnberg,Saarbrücken,4-1,https://www.besoccer.com/match/fc-nurnberg/saarbrucken/1993299,1993,34,bundesliga,18,34,0,4,1,14,35,9,8,16,26,46,0.4,6,5,5,15,15,18,28,5,13,15,36,67,0.0,1,8,7,18,36,1.8,0.6000000000000001,75.0,64.0
Kaiserslautern,Dynamo Dresden,2-0,https://www.besoccer.com/match/kaiserslautern/sg-dynamo-dresden/1993300,1993,34,bundesliga,18,34,0,2,0,9,45,12,9,12,48,40,3.2,8,5,3,28,15,15,34,7,13,13,32,47,2.2,0,7,9,11,34,7.800000000000001,0.6,83.0,71.0
Stuttgart,Werder Bremen,0-3,https://www.besoccer.com/match/stuttgart/werder-bremen/1993301,1993,34,bundesliga,18,34,2,0,3,8,48,12,12,9,56,47,8.4,10,3,3,35,19,2,64,18,10,5,60,30,6.800000000000001,4,7,5,22,25,7.6,4.0,83.0,86.0
B. Leverkusen,B. Mönchengladbach,4-0,https://www.besoccer.com/match/bayer-leverkusen/borussia-monchengla/1993302,1993,34,bundesliga,18,34,0,4,0,5,51,13,12,8,60,45,6.6000000000000005,9,6,1,39,17,7,48,13,9,11,59,55,6.6,7,2,7,26,25,7.800000000000001,4.800000000000001,82.0,79.0
Hamburger SV,Eintracht Frankfurt,1-2,https://www.besoccer.com/match/hamburger-sv/eintracht-frankfurt/1993303,1993,34,bundesliga,18,34,2,1,2,11,39,8,15,10,41,42,3.8,5,6,5,21,15,4,54,14,12,7,54,38,3.6,5,6,5,16,19,3.6000000000000005,1.2000000000000002,79.0,83.0
Schalke 04,Bayern München,3-3,https://www.besoccer.com/match/schalke-04/bayern-munchen/1993304,1993,34,bundesliga,18,34,1,3,3,10,44,11,11,11,39,40,5.4,5,8,3,19,15,1,64,18,10,5,71,42,5.8,6,6,4,28,26,6.6000000000000005,1.2000000000000002,74.0,87.0
Karlsruher SC,B. Dortmund,3-0,https://www.besoccer.com/match/karlsruher-sc/borussia-dortmund/1993305,1993,34,bundesliga,18,34,0,3,0,6,50,13,11,9,57,54,6.6000000000000005,10,6,0,37,16,3,59,18,5,10,61,40,3.0000000000000004,6,4,6,20,22,7.0,6.0,78.0,84.0
VfL Bochum,Wattenscheid 09,3-1,https://www.besoccer.com/match/bochum/wattenscheid-09/1993306,1993,34,bundesliga,18,34,0,3,1,16,31,7,10,16,42,51,2.6000000000000005,6,7,3,29,18,13,38,10,8,15,45,64,1.9999999999999998,2,3,11,16,43,5.4,1.9999999999999998,74.0,70.0
