,Home_Team,Away_Team,Result,Link,Season,Round,League,reduced_link,Date_New,Referee,Home_Yellow,Home_Red,Away_Yellow,Away_Red,Categorical Result
0,Watford,Middlesbrough,1-0,https://www.besoccer.com/match/watford-fc/middlesbrough-fc/202175607,2021,1,championship,/match/watford-fc/middlesbrough-fc/2021,"Friday, 11 September 2020, 20:45", Stroud K.,1,0,0,0,Home Win
1,Birmingham City,Brentford,1-0,https://www.besoccer.com/match/birmingham-city-fc/brentford/202175599,2021,1,championship,/match/birmingham-city-fc/brentford/2021,"Saturday, 12 September 2020, 13:30", Harrington T.,4,0,1,0,Home Win
2,Wycombe Wanderers,Rotherham United,0-1,https://www.besoccer.com/match/wycombe-wanderers/rotherham-united/202175608,2021,1,championship,/match/wycombe-wanderers/rotherham-united/2021,"Saturday, 12 September 2020, 13:30", Linington J.,1,0,1,0,Away Win
3,AFC Bournemouth,Blackburn Rovers,3-2,https://www.besoccer.com/match/afc-bournemouth/blackburn-rovers-fc/202175597,2021,1,championship,/match/afc-bournemouth/blackburn-rovers-fc/2021,"Saturday, 12 September 2020, 16:00", Ward G.,2,0,0,0,Home Win
4,Barnsley,Luton Town,0-1,https://www.besoccer.com/match/barnsley-fc/luton-town-fc/202175598,2021,1,championship,/match/barnsley-fc/luton-town-fc/2021,"Saturday, 12 September 2020, 16:00", Gillett J.,1,0,3,0,Away Win
5,Bristol City,Coventry City,2-1,https://www.besoccer.com/match/bristol-city-fc/coventry-city/202175600,2021,1,championship,/match/bristol-city-fc/coventry-city/2021,"Saturday, 12 September 2020, 16:00", Brooks J.,2,0,1,0,Home Win
6,Cardiff City,Sheffield Wednesday,0-2,https://www.besoccer.com/match/cardiff-city-fc/sheffield-wednesday-fc/202175601,2021,1,championship,/match/cardiff-city-fc/sheffield-wednesday-fc/2021,"Saturday, 12 September 2020, 16:00", Madley A.,0,0,1,0,Away Win
7,Derby County,Reading,0-2,https://www.besoccer.com/match/derby-county-fc/reading-fc/202175602,2021,1,championship,/match/derby-county-fc/reading-fc/2021,"Saturday, 12 September 2020, 16:00", Bond D.,3,0,2,0,Away Win
8,Huddersfield Town,Norwich City,0-1,https://www.besoccer.com/match/huddersfield-town-fc/norwich-city-fc/202175603,2021,1,championship,/match/huddersfield-town-fc/norwich-city-fc/2021,"Saturday, 12 September 2020, 16:00", Eltringham G.,1,0,3,0,Away Win
9,Millwall,Stoke City,0-0,https://www.besoccer.com/match/millwall-fc/stoke-city/202175604,2021,1,championship,/match/millwall-fc/stoke-city/2021,"Saturday, 12 September 2020, 16:00", Simpson J.,1,0,1,0,Draw
10,Preston North End,Swansea City,0-1,https://www.besoccer.com/match/preston-north-end/swansea-city-afc/202175605,2021,1,championship,/match/preston-north-end/swansea-city-afc/2021,"Saturday, 12 September 2020, 16:00", Jones R.,0,0,0,0,Away Win
11,Queens Park Rangers,Nottingham Forest,2-0,https://www.besoccer.com/match/queens-park-rangers-fc/nottingham-forest-fc/202175606,2021,1,championship,/match/queens-park-rangers-fc/nottingham-forest-fc/2021,"Saturday, 12 September 2020, 16:00", Robinson T.,1,0,2,0,Home Win
12,Coventry City,Queens Park Rangers,3-2,https://www.besoccer.com/match/coventry-city/queens-park-rangers-fc/202175611,2021,2,championship,/match/coventry-city/queens-park-rangers-fc/2021,"Friday, 18 September 2020, 20:45", Martin S.,1,0,2,0,Home Win
13,Nottingham Forest,Cardiff City,0-2,https://www.besoccer.com/match/nottingham-forest-fc/cardiff-city-fc/202175615,2021,2,championship,/match/nottingham-forest-fc/cardiff-city-fc/2021,"Saturday, 19 September 2020, 13:30", Linington J.,0,0,0,0,Away Win
14,Blackburn Rovers,Wycombe Wanderers,5-0,https://www.besoccer.com/match/blackburn-rovers-fc/wycombe-wanderers/202175609,2021,2,championship,/match/blackburn-rovers-fc/wycombe-wanderers/2021,"Saturday, 19 September 2020, 16:00", Bankes P.,0,0,1,1,Home Win
15,Brentford,Huddersfield Town,3-0,https://www.besoccer.com/match/brentford/huddersfield-town-fc/202175610,2021,2,championship,/match/brentford/huddersfield-town-fc/2021,"Saturday, 19 September 2020, 16:00", Pawson C.,1,0,0,0,Home Win
16,Luton Town,Derby County,2-1,https://www.besoccer.com/match/luton-town-fc/derby-county-fc/202175612,2021,2,championship,/match/luton-town-fc/derby-county-fc/2021,"Saturday, 19 September 2020, 16:00", Whitestone D.,2,0,0,0,Home Win
17,Middlesbrough,AFC Bournemouth,1-1,https://www.besoccer.com/match/middlesbrough-fc/afc-bournemouth/202175613,2021,2,championship,/match/middlesbrough-fc/afc-bournemouth/2021,"Saturday, 19 September 2020, 16:00", Donohue M.,1,0,2,0,Draw
18,Norwich City,Preston North End,2-2,https://www.besoccer.com/match/norwich-city-fc/preston-north-end/202175614,2021,2,championship,/match/norwich-city-fc/preston-north-end/2021,"Saturday, 19 September 2020, 16:00", Brooks J.,1,0,2,0,Draw
19,Reading,Barnsley,2-0,https://www.besoccer.com/match/reading-fc/barnsley-fc/202175616,2021,2,championship,/match/reading-fc/barnsley-fc/2021,"Saturday, 19 September 2020, 16:00", Robinson T.,1,0,4,2,Home Win
20,Rotherham United,Millwall,0-1,https://www.besoccer.com/match/rotherham-united/millwall-fc/202175617,2021,2,championship,/match/rotherham-united/millwall-fc/2021,"Saturday, 19 September 2020, 16:00", Doughty L.,1,0,2,0,Away Win
21,Sheffield Wednesday,Watford,0-0,https://www.besoccer.com/match/sheffield-wednesday-fc/watford-fc/202175618,2021,2,championship,/match/sheffield-wednesday-fc/watford-fc/2021,"Saturday, 19 September 2020, 16:00", Gillett J.,2,0,2,0,Draw
22,Swansea City,Birmingham City,0-0,https://www.besoccer.com/match/swansea-city-afc/birmingham-city-fc/202175620,2021,2,championship,/match/swansea-city-afc/birmingham-city-fc/2021,"Saturday, 19 September 2020, 16:00", Ward G.,0,0,1,0,Draw
23,Stoke City,Bristol City,0-2,https://www.besoccer.com/match/stoke-city/bristol-city-fc/202175619,2021,2,championship,/match/stoke-city/bristol-city-fc/2021,"Sunday, 20 September 2020, 15:00", Langford O.,1,0,1,0,Away Win
24,Huddersfield Town,Nottingham Forest,1-0,https://www.besoccer.com/match/huddersfield-town-fc/nottingham-forest-fc/202175627,2021,3,championship,/match/huddersfield-town-fc/nottingham-forest-fc/2021,"Friday, 25 September 2020, 20:45", Langford O.,2,0,4,0,Home Win
25,Watford,Luton Town,1-0,https://www.besoccer.com/match/watford-fc/luton-town-fc/202175631,2021,3,championship,/match/watford-fc/luton-town-fc/2021,"Saturday, 26 September 2020, 13:30", Brooks J.,0,0,2,0,Home Win
26,Wycombe Wanderers,Swansea City,0-2,https://www.besoccer.com/match/wycombe-wanderers/swansea-city-afc/202175632,2021,3,championship,/match/wycombe-wanderers/swansea-city-afc/2021,"Saturday, 26 September 2020, 13:30", Eltringham G.,2,0,0,0,Away Win
27,Barnsley,Coventry City,0-0,https://www.besoccer.com/match/barnsley-fc/coventry-city/202175622,2021,3,championship,/match/barnsley-fc/coventry-city/2021,"Saturday, 26 September 2020, 16:00", Smith J.,3,0,2,0,Draw
28,Birmingham City,Rotherham United,1-1,https://www.besoccer.com/match/birmingham-city-fc/rotherham-united/202175623,2021,3,championship,/match/birmingham-city-fc/rotherham-united/2021,"Saturday, 26 September 2020, 16:00", Madley A.,1,0,1,0,Draw
29,Cardiff City,Reading,1-2,https://www.besoccer.com/match/cardiff-city-fc/reading-fc/202175625,2021,3,championship,/match/cardiff-city-fc/reading-fc/2021,"Saturday, 26 September 2020, 16:00", Webb D.,2,0,1,0,Away Win
30,Derby County,Blackburn Rovers,0-4,https://www.besoccer.com/match/derby-county-fc/blackburn-rovers-fc/202175626,2021,3,championship,/match/derby-county-fc/blackburn-rovers-fc/2021,"Saturday, 26 September 2020, 16:00", Woolmer A.,2,0,3,0,Away Win
31,Millwall,Brentford,1-1,https://www.besoccer.com/match/millwall-fc/brentford/202175628,2021,3,championship,/match/millwall-fc/brentford/2021,"Saturday, 26 September 2020, 16:00", Coote D.,3,0,1,0,Draw
32,Preston North End,Stoke City,0-1,https://www.besoccer.com/match/preston-north-end/stoke-city/202175629,2021,3,championship,/match/preston-north-end/stoke-city/2021,"Saturday, 26 September 2020, 16:00", Donohue M.,1,1,3,0,Away Win
33,Queens Park Rangers,Middlesbrough,1-1,https://www.besoccer.com/match/queens-park-rangers-fc/middlesbrough-fc/202175630,2021,3,championship,/match/queens-park-rangers-fc/middlesbrough-fc/2021,"Saturday, 26 September 2020, 16:00", Whitestone D.,0,0,1,0,Draw
34,Bristol City,Sheffield Wednesday,2-0,https://www.besoccer.com/match/bristol-city-fc/sheffield-wednesday-fc/202175624,2021,3,championship,/match/bristol-city-fc/sheffield-wednesday-fc/2021,"Sunday, 27 September 2020, 14:00", Harrington T.,2,0,1,0,Home Win
35,AFC Bournemouth,Norwich City,1-0,https://www.besoccer.com/match/afc-bournemouth/norwich-city-fc/202175621,2021,3,championship,/match/afc-bournemouth/norwich-city-fc/2021,"Sunday, 27 September 2020, 17:00", Linington J.,1,0,1,0,Home Win
36,Coventry City,AFC Bournemouth,1-3,https://www.besoccer.com/match/coventry-city/afc-bournemouth/202175635,2021,4,championship,/match/coventry-city/afc-bournemouth/2021,"Friday, 02 October 2020, 20:45", Gillett J.,1,1,3,0,Away Win
37,Norwich City,Derby County,0-1,https://www.besoccer.com/match/norwich-city-fc/derby-county-fc/202175638,2021,4,championship,/match/norwich-city-fc/derby-county-fc/2021,"Saturday, 03 October 2020, 13:30", Attwell S.,3,0,2,0,Away Win
38,Blackburn Rovers,Cardiff City,0-0,https://www.besoccer.com/match/blackburn-rovers-fc/cardiff-city-fc/202175633,2021,4,championship,/match/blackburn-rovers-fc/cardiff-city-fc/2021,"Saturday, 03 October 2020, 16:00", Bond D.,2,0,4,1,Draw
39,Luton Town,Wycombe Wanderers,2-0,https://www.besoccer.com/match/luton-town-fc/wycombe-wanderers/202175636,2021,4,championship,/match/luton-town-fc/wycombe-wanderers/2021,"Saturday, 03 October 2020, 16:00", Scott G.,1,0,1,0,Home Win
40,Middlesbrough,Barnsley,2-1,https://www.besoccer.com/match/middlesbrough-fc/barnsley-fc/202175637,2021,4,championship,/match/middlesbrough-fc/barnsley-fc/2021,"Saturday, 03 October 2020, 16:00", Langford O.,6,0,2,0,Home Win
41,Nottingham Forest,Bristol City,1-2,https://www.besoccer.com/match/nottingham-forest-fc/bristol-city-fc/202175639,2021,4,championship,/match/nottingham-forest-fc/bristol-city-fc/2021,"Saturday, 03 October 2020, 16:00", Stroud K.,0,0,2,0,Away Win
42,Reading,Watford,1-0,https://www.besoccer.com/match/reading-fc/watford-fc/202175640,2021,4,championship,/match/reading-fc/watford-fc/2021,"Saturday, 03 October 2020, 16:00", Ward G.,3,0,3,0,Home Win
43,Rotherham United,Huddersfield Town,1-1,https://www.besoccer.com/match/rotherham-united/huddersfield-town-fc/202175641,2021,4,championship,/match/rotherham-united/huddersfield-town-fc/2021,"Saturday, 03 October 2020, 16:00", Woolmer A.,1,0,1,0,Draw
44,Sheffield Wednesday,Queens Park Rangers,1-1,https://www.besoccer.com/match/sheffield-wednesday-fc/queens-park-rangers-fc/202175642,2021,4,championship,/match/sheffield-wednesday-fc/queens-park-rangers-fc/2021,"Saturday, 03 October 2020, 16:00", Salisbury G.,2,0,0,0,Draw
45,Swansea City,Millwall,2-1,https://www.besoccer.com/match/swansea-city-afc/millwall-fc/202175644,2021,4,championship,/match/swansea-city-afc/millwall-fc/2021,"Saturday, 03 October 2020, 16:00", Martin S.,1,0,1,0,Home Win
46,Brentford,Preston North End,2-4,https://www.besoccer.com/match/brentford/preston-north-end/202175634,2021,4,championship,/match/brentford/preston-north-end/2021,"Sunday, 04 October 2020, 15:00", Whitestone D.,0,0,0,0,Away Win
47,Stoke City,Birmingham City,1-1,https://www.besoccer.com/match/stoke-city/birmingham-city-fc/202175643,2021,4,championship,/match/stoke-city/birmingham-city-fc/2021,"Sunday, 04 October 2020, 16:00", Brooks J.,3,0,1,0,Draw
48,Derby County,Watford,0-1,https://www.besoccer.com/match/derby-county-fc/watford-fc/202175650,2021,5,championship,/match/derby-county-fc/watford-fc/2021,"Friday, 16 October 2020, 20:45", Eltringham G.,1,0,1,0,Away Win
49,AFC Bournemouth,Queens Park Rangers,0-0,https://www.besoccer.com/match/afc-bournemouth/queens-park-rangers-fc/202175645,2021,5,championship,/match/afc-bournemouth/queens-park-rangers-fc/2021,"Saturday, 17 October 2020, 16:00", Brooks J.,1,0,3,0,Draw
50,Barnsley,Bristol City,2-2,https://www.besoccer.com/match/barnsley-fc/bristol-city-fc/202175646,2021,5,championship,/match/barnsley-fc/bristol-city-fc/2021,"Saturday, 17 October 2020, 16:00", Doughty L.,2,0,0,0,Draw
51,Birmingham City,Sheffield Wednesday,0-1,https://www.besoccer.com/match/birmingham-city-fc/sheffield-wednesday-fc/202175647,2021,5,championship,/match/birmingham-city-fc/sheffield-wednesday-fc/2021,"Saturday, 17 October 2020, 16:00", Scott G.,1,0,1,0,Away Win
52,Blackburn Rovers,Nottingham Forest,0-1,https://www.besoccer.com/match/blackburn-rovers-fc/nottingham-forest-fc/202175648,2021,5,championship,/match/blackburn-rovers-fc/nottingham-forest-fc/2021,"Saturday, 17 October 2020, 16:00", Gillett J.,2,0,1,0,Away Win
53,Brentford,Coventry City,2-0,https://www.besoccer.com/match/brentford/coventry-city/202175649,2021,5,championship,/match/brentford/coventry-city/2021,"Saturday, 17 October 2020, 16:00", Woolmer A.,1,0,1,0,Home Win
54,Luton Town,Stoke City,0-2,https://www.besoccer.com/match/luton-town-fc/stoke-city/202175651,2021,5,championship,/match/luton-town-fc/stoke-city/2021,"Saturday, 17 October 2020, 16:00", Simpson J.,2,0,2,0,Away Win
55,Middlesbrough,Reading,0-0,https://www.besoccer.com/match/middlesbrough-fc/reading-fc/202175652,2021,5,championship,/match/middlesbrough-fc/reading-fc/2021,"Saturday, 17 October 2020, 16:00", Bond D.,2,0,3,0,Draw
56,Rotherham United,Norwich City,1-2,https://www.besoccer.com/match/rotherham-united/norwich-city-fc/202175654,2021,5,championship,/match/rotherham-united/norwich-city-fc/2021,"Saturday, 17 October 2020, 16:00", Webb D.,1,1,1,0,Away Win
57,Swansea City,Huddersfield Town,1-2,https://www.besoccer.com/match/swansea-city-afc/huddersfield-town-fc/202175655,2021,5,championship,/match/swansea-city-afc/huddersfield-town-fc/2021,"Saturday, 17 October 2020, 16:00", Harrington T.,1,0,4,0,Away Win
58,Wycombe Wanderers,Millwall,1-2,https://www.besoccer.com/match/wycombe-wanderers/millwall-fc/202175656,2021,5,championship,/match/wycombe-wanderers/millwall-fc/2021,"Saturday, 17 October 2020, 16:00", Madley A.,1,0,0,0,Away Win
59,Preston North End,Cardiff City,0-1,https://www.besoccer.com/match/preston-north-end/cardiff-city-fc/202175653,2021,5,championship,/match/preston-north-end/cardiff-city-fc/2021,"Sunday, 18 October 2020, 13:00", Stroud K.,1,0,0,0,Away Win
60,Bristol City,Middlesbrough,0-1,https://www.besoccer.com/match/bristol-city-fc/middlesbrough-fc/202175657,2021,6,championship,/match/bristol-city-fc/middlesbrough-fc/2021,"Tuesday, 20 October 2020, 20:45", Robinson T.,0,0,2,0,Away Win
61,Coventry City,Swansea City,1-1,https://www.besoccer.com/match/coventry-city/swansea-city-afc/202175658,2021,6,championship,/match/coventry-city/swansea-city-afc/2021,"Tuesday, 20 October 2020, 20:45", Stroud K.,0,0,1,0,Draw
62,Millwall,Luton Town,2-0,https://www.besoccer.com/match/millwall-fc/luton-town-fc/202175659,2021,6,championship,/match/millwall-fc/luton-town-fc/2021,"Tuesday, 20 October 2020, 20:45", Harrington T.,2,0,1,0,Home Win
63,Norwich City,Birmingham City,1-0,https://www.besoccer.com/match/norwich-city-fc/birmingham-city-fc/202175660,2021,6,championship,/match/norwich-city-fc/birmingham-city-fc/2021,"Tuesday, 20 October 2020, 20:45", Langford O.,1,0,5,1,Home Win
64,Nottingham Forest,Rotherham United,1-1,https://www.besoccer.com/match/nottingham-forest-fc/rotherham-united/202175661,2021,6,championship,/match/nottingham-forest-fc/rotherham-united/2021,"Tuesday, 20 October 2020, 20:45", Martin S.,0,0,2,0,Draw
65,Huddersfield Town,Derby County,1-0,https://www.besoccer.com/match/huddersfield-town-fc/derby-county-fc/202175664,2021,6,championship,/match/huddersfield-town-fc/derby-county-fc/2021,"Tuesday, 20 October 2020, 20:45", Webb D.,1,0,3,0,Home Win
66,Reading,Wycombe Wanderers,1-0,https://www.besoccer.com/match/reading-fc/wycombe-wanderers/202175662,2021,6,championship,/match/reading-fc/wycombe-wanderers/2021,"Tuesday, 20 October 2020, 21:00", Davies A.,2,0,0,0,Home Win
67,Cardiff City,AFC Bournemouth,1-1,https://www.besoccer.com/match/cardiff-city-fc/afc-bournemouth/202175663,2021,6,championship,/match/cardiff-city-fc/afc-bournemouth/2021,"Wednesday, 21 October 2020, 20:45", Hooper S.,2,0,0,0,Draw
68,Queens Park Rangers,Preston North End,0-2,https://www.besoccer.com/match/queens-park-rangers-fc/preston-north-end/202175665,2021,6,championship,/match/queens-park-rangers-fc/preston-north-end/2021,"Wednesday, 21 October 2020, 20:45", Friend K.,0,0,1,0,Away Win
69,Sheffield Wednesday,Brentford,1-2,https://www.besoccer.com/match/sheffield-wednesday-fc/brentford/202175666,2021,6,championship,/match/sheffield-wednesday-fc/brentford/2021,"Wednesday, 21 October 2020, 20:45", Bond D.,1,0,0,0,Away Win
70,Watford,Blackburn Rovers,3-1,https://www.besoccer.com/match/watford-fc/blackburn-rovers-fc/202175667,2021,6,championship,/match/watford-fc/blackburn-rovers-fc/2021,"Wednesday, 21 October 2020, 20:45", Woolmer A.,3,0,0,0,Home Win
71,Stoke City,Barnsley,2-2,https://www.besoccer.com/match/stoke-city/barnsley-fc/202175668,2021,6,championship,/match/stoke-city/barnsley-fc/2021,"Wednesday, 21 October 2020, 20:45", Salisbury G.,0,1,0,0,Draw
72,Nottingham Forest,Derby County,1-1,https://www.besoccer.com/match/nottingham-forest-fc/derby-county-fc/202175675,2021,7,championship,/match/nottingham-forest-fc/derby-county-fc/2021,"Friday, 23 October 2020, 20:45", Harrington T.,2,0,0,0,Draw
73,Watford,AFC Bournemouth,1-1,https://www.besoccer.com/match/watford-fc/afc-bournemouth/202175680,2021,7,championship,/match/watford-fc/afc-bournemouth/2021,"Saturday, 24 October 2020, 13:30", Robinson T.,3,0,2,0,Draw
74,Bristol City,Swansea City,1-1,https://www.besoccer.com/match/bristol-city-fc/swansea-city-afc/202175669,2021,7,championship,/match/bristol-city-fc/swansea-city-afc/2021,"Saturday, 24 October 2020, 16:00", Langford O.,1,0,5,0,Draw
75,Cardiff City,Middlesbrough,1-1,https://www.besoccer.com/match/cardiff-city-fc/middlesbrough-fc/202175670,2021,7,championship,/match/cardiff-city-fc/middlesbrough-fc/2021,"Saturday, 24 October 2020, 16:00", Brooks J.,1,0,0,0,Draw
76,Coventry City,Blackburn Rovers,0-4,https://www.besoccer.com/match/coventry-city/blackburn-rovers-fc/202175671,2021,7,championship,/match/coventry-city/blackburn-rovers-fc/2021,"Saturday, 24 October 2020, 16:00", England D.,1,1,2,0,Away Win
77,Huddersfield Town,Preston North End,1-2,https://www.besoccer.com/match/huddersfield-town-fc/preston-north-end/202175672,2021,7,championship,/match/huddersfield-town-fc/preston-north-end/2021,"Saturday, 24 October 2020, 16:00", Smith J.,3,1,5,0,Away Win
78,Millwall,Barnsley,1-1,https://www.besoccer.com/match/millwall-fc/barnsley-fc/202175673,2021,7,championship,/match/millwall-fc/barnsley-fc/2021,"Saturday, 24 October 2020, 16:00", Davies A.,0,0,2,0,Draw
79,Norwich City,Wycombe Wanderers,2-1,https://www.besoccer.com/match/norwich-city-fc/wycombe-wanderers/202175674,2021,7,championship,/match/norwich-city-fc/wycombe-wanderers/2021,"Saturday, 24 October 2020, 16:00", Ward G.,1,1,1,0,Home Win
80,Queens Park Rangers,Birmingham City,0-0,https://www.besoccer.com/match/queens-park-rangers-fc/birmingham-city-fc/202175676,2021,7,championship,/match/queens-park-rangers-fc/birmingham-city-fc/2021,"Saturday, 24 October 2020, 16:00", Hooper S.,1,0,0,0,Draw
81,Reading,Rotherham United,3-0,https://www.besoccer.com/match/reading-fc/rotherham-united/202175677,2021,7,championship,/match/reading-fc/rotherham-united/2021,"Saturday, 24 October 2020, 16:00", Donohue M.,0,0,2,0,Home Win
82,Sheffield Wednesday,Luton Town,0-1,https://www.besoccer.com/match/sheffield-wednesday-fc/luton-town-fc/202175678,2021,7,championship,/match/sheffield-wednesday-fc/luton-town-fc/2021,"Saturday, 24 October 2020, 16:00", Eltringham G.,1,1,1,0,Away Win
83,Stoke City,Brentford,3-2,https://www.besoccer.com/match/stoke-city/brentford/202175679,2021,7,championship,/match/stoke-city/brentford/2021,"Saturday, 24 October 2020, 16:00", Stroud K.,2,0,1,0,Home Win
84,Barnsley,Queens Park Rangers,3-0,https://www.besoccer.com/match/barnsley-fc/queens-park-rangers-fc/202175681,2021,8,championship,/match/barnsley-fc/queens-park-rangers-fc/2021,"Tuesday, 27 October 2020, 20:00", Davies A.,0,0,0,1,Home Win
85,Blackburn Rovers,Reading,2-4,https://www.besoccer.com/match/blackburn-rovers-fc/reading-fc/202175682,2021,8,championship,/match/blackburn-rovers-fc/reading-fc/2021,"Tuesday, 27 October 2020, 20:45", Coote D.,2,0,2,0,Away Win
86,Brentford,Norwich City,1-1,https://www.besoccer.com/match/brentford/norwich-city-fc/202175683,2021,8,championship,/match/brentford/norwich-city-fc/2021,"Tuesday, 27 October 2020, 20:45", Simpson J.,1,0,1,0,Draw
87,Middlesbrough,Coventry City,2-0,https://www.besoccer.com/match/middlesbrough-fc/coventry-city/202175684,2021,8,championship,/match/middlesbrough-fc/coventry-city/2021,"Tuesday, 27 October 2020, 20:45", Webb D.,2,0,1,0,Home Win
88,Swansea City,Stoke City,2-0,https://www.besoccer.com/match/swansea-city-afc/stoke-city/202175685,2021,8,championship,/match/swansea-city-afc/stoke-city/2021,"Tuesday, 27 October 2020, 20:45", Marriner A.,2,0,3,0,Home Win
89,Wycombe Wanderers,Watford,1-1,https://www.besoccer.com/match/wycombe-wanderers/watford-fc/202175686,2021,8,championship,/match/wycombe-wanderers/watford-fc/2021,"Tuesday, 27 October 2020, 20:45", Brooks J.,0,0,1,0,Draw
90,Preston North End,Millwall,0-2,https://www.besoccer.com/match/preston-north-end/millwall-fc/202175691,2021,8,championship,/match/preston-north-end/millwall-fc/2021,"Wednesday, 28 October 2020, 20:00", Bond D.,2,0,0,0,Away Win
91,AFC Bournemouth,Bristol City,1-0,https://www.besoccer.com/match/afc-bournemouth/bristol-city-fc/202175687,2021,8,championship,/match/afc-bournemouth/bristol-city-fc/2021,"Wednesday, 28 October 2020, 20:45", Martin S.,0,0,0,0,Home Win
92,Birmingham City,Huddersfield Town,2-1,https://www.besoccer.com/match/birmingham-city-fc/huddersfield-town-fc/202175688,2021,8,championship,/match/birmingham-city-fc/huddersfield-town-fc/2021,"Wednesday, 28 October 2020, 20:45", Doughty L.,2,0,1,0,Home Win
93,Derby County,Cardiff City,1-1,https://www.besoccer.com/match/derby-county-fc/cardiff-city-fc/202175689,2021,8,championship,/match/derby-county-fc/cardiff-city-fc/2021,"Wednesday, 28 October 2020, 20:45", Langford O.,3,0,3,0,Draw
94,Luton Town,Nottingham Forest,1-1,https://www.besoccer.com/match/luton-town-fc/nottingham-forest-fc/202175690,2021,8,championship,/match/luton-town-fc/nottingham-forest-fc/2021,"Wednesday, 28 October 2020, 20:45", Robinson T.,3,0,0,1,Draw
95,Rotherham United,Sheffield Wednesday,3-0,https://www.besoccer.com/match/rotherham-united/sheffield-wednesday-fc/202175692,2021,8,championship,/match/rotherham-united/sheffield-wednesday-fc/2021,"Wednesday, 28 October 2020, 20:45", Gillett J.,3,0,2,1,Home Win
96,Coventry City,Reading,3-2,https://www.besoccer.com/match/coventry-city/reading-fc/202175696,2021,9,championship,/match/coventry-city/reading-fc/2021,"Friday, 30 October 2020, 20:45", Webb D.,5,0,0,0,Home Win
97,Bristol City,Norwich City,1-3,https://www.besoccer.com/match/bristol-city-fc/norwich-city-fc/202175695,2021,9,championship,/match/bristol-city-fc/norwich-city-fc/2021,"Saturday, 31 October 2020, 13:30", Gillett J.,0,0,4,0,Away Win
98,AFC Bournemouth,Derby County,1-1,https://www.besoccer.com/match/afc-bournemouth/derby-county-fc/202175693,2021,9,championship,/match/afc-bournemouth/derby-county-fc/2021,"Saturday, 31 October 2020, 16:00", Jones R.,2,0,1,0,Draw
99,Barnsley,Watford,1-0,https://www.besoccer.com/match/barnsley-fc/watford-fc/202175694,2021,9,championship,/match/barnsley-fc/watford-fc/2021,"Saturday, 31 October 2020, 16:00", Donohue M.,1,0,1,0,Home Win
100,Luton Town,Brentford,0-3,https://www.besoccer.com/match/luton-town-fc/brentford/202175697,2021,9,championship,/match/luton-town-fc/brentford/2021,"Saturday, 31 October 2020, 16:00", Salisbury G.,1,0,1,0,Away Win
101,Middlesbrough,Nottingham Forest,1-0,https://www.besoccer.com/match/middlesbrough-fc/nottingham-forest-fc/202175698,2021,9,championship,/match/middlesbrough-fc/nottingham-forest-fc/2021,"Saturday, 31 October 2020, 16:00", Mason L.,1,0,2,0,Home Win
102,Millwall,Huddersfield Town,0-3,https://www.besoccer.com/match/millwall-fc/huddersfield-town-fc/202175699,2021,9,championship,/match/millwall-fc/huddersfield-town-fc/2021,"Saturday, 31 October 2020, 16:00", Ward G.,2,0,0,0,Away Win
103,Preston North End,Birmingham City,1-2,https://www.besoccer.com/match/preston-north-end/birmingham-city-fc/202175700,2021,9,championship,/match/preston-north-end/birmingham-city-fc/2021,"Saturday, 31 October 2020, 16:00", Harrington T.,1,0,0,0,Away Win
104,Queens Park Rangers,Cardiff City,3-2,https://www.besoccer.com/match/queens-park-rangers-fc/cardiff-city-fc/202175701,2021,9,championship,/match/queens-park-rangers-fc/cardiff-city-fc/2021,"Saturday, 31 October 2020, 16:00", Woolmer A.,4,0,3,0,Home Win
105,Stoke City,Rotherham United,1-0,https://www.besoccer.com/match/stoke-city/rotherham-united/202175702,2021,9,championship,/match/stoke-city/rotherham-united/2021,"Saturday, 31 October 2020, 16:00", Bond D.,1,0,2,0,Home Win
106,Swansea City,Blackburn Rovers,2-0,https://www.besoccer.com/match/swansea-city-afc/blackburn-rovers-fc/202175703,2021,9,championship,/match/swansea-city-afc/blackburn-rovers-fc/2021,"Saturday, 31 October 2020, 16:00", Whitestone D.,3,0,0,0,Home Win
107,Wycombe Wanderers,Sheffield Wednesday,1-0,https://www.besoccer.com/match/wycombe-wanderers/sheffield-wednesday-fc/202175704,2021,9,championship,/match/wycombe-wanderers/sheffield-wednesday-fc/2021,"Saturday, 31 October 2020, 16:00", Stroud K.,2,0,2,0,Home Win
108,Brentford,Swansea City,1-1,https://www.besoccer.com/match/brentford/swansea-city-afc/202175706,2021,10,championship,/match/brentford/swansea-city-afc/2021,"Tuesday, 03 November 2020, 20:00", Martin S.,3,0,0,0,Draw
109,Huddersfield Town,Bristol City,1-2,https://www.besoccer.com/match/huddersfield-town-fc/bristol-city-fc/202175708,2021,10,championship,/match/huddersfield-town-fc/bristol-city-fc/2021,"Tuesday, 03 November 2020, 20:00", Bankes P.,3,0,0,0,Away Win
110,Norwich City,Millwall,0-0,https://www.besoccer.com/match/norwich-city-fc/millwall-fc/202175709,2021,10,championship,/match/norwich-city-fc/millwall-fc/2021,"Tuesday, 03 November 2020, 20:00", Robinson T.,0,0,1,0,Draw
111,Sheffield Wednesday,AFC Bournemouth,1-0,https://www.besoccer.com/match/sheffield-wednesday-fc/afc-bournemouth/202175710,2021,10,championship,/match/sheffield-wednesday-fc/afc-bournemouth/2021,"Tuesday, 03 November 2020, 20:00", Simpson J.,4,1,2,1,Home Win
112,Blackburn Rovers,Middlesbrough,0-0,https://www.besoccer.com/match/blackburn-rovers-fc/middlesbrough-fc/202175705,2021,10,championship,/match/blackburn-rovers-fc/middlesbrough-fc/2021,"Tuesday, 03 November 2020, 20:45", Webb D.,5,0,1,0,Draw
113,Cardiff City,Barnsley,3-0,https://www.besoccer.com/match/cardiff-city-fc/barnsley-fc/202175707,2021,10,championship,/match/cardiff-city-fc/barnsley-fc/2021,"Tuesday, 03 November 2020, 20:45", Whitestone D.,0,0,1,0,Home Win
114,Watford,Stoke City,3-2,https://www.besoccer.com/match/watford-fc/stoke-city/202175715,2021,10,championship,/match/watford-fc/stoke-city/2021,"Wednesday, 04 November 2020, 20:00", Davies A.,2,0,2,0,Home Win
115,Reading,Preston North End,0-3,https://www.besoccer.com/match/reading-fc/preston-north-end/202175716,2021,10,championship,/match/reading-fc/preston-north-end/2021,"Wednesday, 04 November 2020, 20:00", Brooks J.,1,0,2,0,Away Win
116,Birmingham City,Wycombe Wanderers,1-2,https://www.besoccer.com/match/birmingham-city-fc/wycombe-wanderers/202175711,2021,10,championship,/match/birmingham-city-fc/wycombe-wanderers/2021,"Wednesday, 04 November 2020, 20:45", Smith J.,1,0,0,0,Away Win
117,Derby County,Queens Park Rangers,0-1,https://www.besoccer.com/match/derby-county-fc/queens-park-rangers-fc/202175712,2021,10,championship,/match/derby-county-fc/queens-park-rangers-fc/2021,"Wednesday, 04 November 2020, 20:45", Ward G.,1,0,0,0,Away Win
118,Nottingham Forest,Coventry City,2-1,https://www.besoccer.com/match/nottingham-forest-fc/coventry-city/202175713,2021,10,championship,/match/nottingham-forest-fc/coventry-city/2021,"Wednesday, 04 November 2020, 20:45", Eltringham G.,1,0,2,0,Home Win
119,Rotherham United,Luton Town,0-1,https://www.besoccer.com/match/rotherham-united/luton-town-fc/202175714,2021,10,championship,/match/rotherham-united/luton-town-fc/2021,"Wednesday, 04 November 2020, 20:45", Madley A.,1,0,1,0,Away Win
120,Cardiff City,Bristol City,0-1,https://www.besoccer.com/match/cardiff-city-fc/bristol-city-fc/202175720,2021,11,championship,/match/cardiff-city-fc/bristol-city-fc/2021,"Friday, 06 November 2020, 19:00", Webb D.,1,0,1,0,Away Win
121,Reading,Stoke City,0-3,https://www.besoccer.com/match/reading-fc/stoke-city/202175725,2021,11,championship,/match/reading-fc/stoke-city/2021,"Saturday, 07 November 2020, 13:30", Stroud K.,0,0,2,0,Away Win
122,Birmingham City,AFC Bournemouth,1-3,https://www.besoccer.com/match/birmingham-city-fc/afc-bournemouth/202175717,2021,11,championship,/match/birmingham-city-fc/afc-bournemouth/2021,"Saturday, 07 November 2020, 16:00", Gillett J.,2,0,1,0,Away Win
123,Blackburn Rovers,Queens Park Rangers,3-1,https://www.besoccer.com/match/blackburn-rovers-fc/queens-park-rangers-fc/202175718,2021,11,championship,/match/blackburn-rovers-fc/queens-park-rangers-fc/2021,"Saturday, 07 November 2020, 16:00", Robinson T.,1,0,3,0,Home Win
124,Brentford,Middlesbrough,0-0,https://www.besoccer.com/match/brentford/middlesbrough-fc/202175719,2021,11,championship,/match/brentford/middlesbrough-fc/2021,"Saturday, 07 November 2020, 16:00", Linington J.,1,0,0,0,Draw
125,Derby County,Barnsley,0-2,https://www.besoccer.com/match/derby-county-fc/barnsley-fc/202175721,2021,11,championship,/match/derby-county-fc/barnsley-fc/2021,"Saturday, 07 November 2020, 16:00", Doughty L.,3,0,2,0,Away Win
126,Huddersfield Town,Luton Town,1-1,https://www.besoccer.com/match/huddersfield-town-fc/luton-town-fc/202175722,2021,11,championship,/match/huddersfield-town-fc/luton-town-fc/2021,"Saturday, 07 November 2020, 16:00", Langford O.,1,0,5,0,Draw
127,Norwich City,Swansea City,1-0,https://www.besoccer.com/match/norwich-city-fc/swansea-city-afc/202175723,2021,11,championship,/match/norwich-city-fc/swansea-city-afc/2021,"Saturday, 07 November 2020, 16:00", England D.,1,0,5,0,Home Win
128,Nottingham Forest,Wycombe Wanderers,2-0,https://www.besoccer.com/match/nottingham-forest-fc/wycombe-wanderers/202175724,2021,11,championship,/match/nottingham-forest-fc/wycombe-wanderers/2021,"Saturday, 07 November 2020, 16:00", Donohue M.,1,0,2,0,Home Win
129,Rotherham United,Preston North End,2-1,https://www.besoccer.com/match/rotherham-united/preston-north-end/202175726,2021,11,championship,/match/rotherham-united/preston-north-end/2021,"Saturday, 07 November 2020, 16:00", Davies A.,1,0,2,0,Home Win
130,Sheffield Wednesday,Millwall,0-0,https://www.besoccer.com/match/sheffield-wednesday-fc/millwall-fc/202175727,2021,11,championship,/match/sheffield-wednesday-fc/millwall-fc/2021,"Saturday, 07 November 2020, 16:00", Harrington T.,2,0,0,0,Draw
131,Watford,Coventry City,3-2,https://www.besoccer.com/match/watford-fc/coventry-city/202175728,2021,11,championship,/match/watford-fc/coventry-city/2021,"Saturday, 07 November 2020, 16:00", Hooper S.,1,0,2,0,Home Win
132,Coventry City,Birmingham City,0-0,https://www.besoccer.com/match/coventry-city/birmingham-city-fc/202175732,2021,12,championship,/match/coventry-city/birmingham-city-fc/2021,"Friday, 20 November 2020, 20:45", Langford O.,1,0,0,0,Draw
133,AFC Bournemouth,Reading,4-2,https://www.besoccer.com/match/afc-bournemouth/reading-fc/202175729,2021,12,championship,/match/afc-bournemouth/reading-fc/2021,"Saturday, 21 November 2020, 13:30", Bond D.,3,0,1,0,Home Win
134,Barnsley,Nottingham Forest,2-0,https://www.besoccer.com/match/barnsley-fc/nottingham-forest-fc/202175730,2021,12,championship,/match/barnsley-fc/nottingham-forest-fc/2021,"Saturday, 21 November 2020, 16:00", Woolmer A.,0,0,1,0,Home Win
135,Bristol City,Derby County,1-0,https://www.besoccer.com/match/bristol-city-fc/derby-county-fc/202175731,2021,12,championship,/match/bristol-city-fc/derby-county-fc/2021,"Saturday, 21 November 2020, 16:00", Stroud K.,1,0,1,0,Home Win
136,Luton Town,Blackburn Rovers,1-1,https://www.besoccer.com/match/luton-town-fc/blackburn-rovers-fc/202175733,2021,12,championship,/match/luton-town-fc/blackburn-rovers-fc/2021,"Saturday, 21 November 2020, 16:00", Ward G.,0,0,4,0,Draw
137,Middlesbrough,Norwich City,0-1,https://www.besoccer.com/match/middlesbrough-fc/norwich-city-fc/202175734,2021,12,championship,/match/middlesbrough-fc/norwich-city-fc/2021,"Saturday, 21 November 2020, 16:00", Harrington T.,0,0,1,0,Away Win
138,Millwall,Cardiff City,1-1,https://www.besoccer.com/match/millwall-fc/cardiff-city-fc/202175735,2021,12,championship,/match/millwall-fc/cardiff-city-fc/2021,"Saturday, 21 November 2020, 16:00", Scott G.,3,0,0,0,Draw
139,Preston North End,Sheffield Wednesday,1-0,https://www.besoccer.com/match/preston-north-end/sheffield-wednesday-fc/202175736,2021,12,championship,/match/preston-north-end/sheffield-wednesday-fc/2021,"Saturday, 21 November 2020, 16:00", Webb D.,0,0,1,1,Home Win
140,Queens Park Rangers,Watford,1-1,https://www.besoccer.com/match/queens-park-rangers-fc/watford-fc/202175737,2021,12,championship,/match/queens-park-rangers-fc/watford-fc/2021,"Saturday, 21 November 2020, 16:00", Salisbury G.,1,0,2,0,Draw
141,Stoke City,Huddersfield Town,4-3,https://www.besoccer.com/match/stoke-city/huddersfield-town-fc/202175738,2021,12,championship,/match/stoke-city/huddersfield-town-fc/2021,"Saturday, 21 November 2020, 16:00", Gillett J.,2,0,1,0,Home Win
142,Swansea City,Rotherham United,1-0,https://www.besoccer.com/match/swansea-city-afc/rotherham-united/202175739,2021,12,championship,/match/swansea-city-afc/rotherham-united/2021,"Saturday, 21 November 2020, 16:00", Donohue M.,1,0,1,0,Home Win
143,Wycombe Wanderers,Brentford,0-0,https://www.besoccer.com/match/wycombe-wanderers/brentford/202175740,2021,12,championship,/match/wycombe-wanderers/brentford/2021,"Saturday, 21 November 2020, 16:00", Mason L.,4,0,2,0,Draw
144,Luton Town,Birmingham City,1-1,https://www.besoccer.com/match/luton-town-fc/birmingham-city-fc/202175743,2021,13,championship,/match/luton-town-fc/birmingham-city-fc/2021,"Tuesday, 24 November 2020, 20:00", Webb D.,1,0,1,0,Draw
145,Queens Park Rangers,Rotherham United,3-2,https://www.besoccer.com/match/queens-park-rangers-fc/rotherham-united/202175745,2021,13,championship,/match/queens-park-rangers-fc/rotherham-united/2021,"Tuesday, 24 November 2020, 20:00", Langford O.,0,0,3,0,Home Win
146,Stoke City,Norwich City,2-3,https://www.besoccer.com/match/stoke-city/norwich-city-fc/202175746,2021,13,championship,/match/stoke-city/norwich-city-fc/2021,"Tuesday, 24 November 2020, 20:00", Eltringham G.,2,0,4,1,Away Win
147,Wycombe Wanderers,Huddersfield Town,0-0,https://www.besoccer.com/match/wycombe-wanderers/huddersfield-town-fc/202175752,2021,13,championship,/match/wycombe-wanderers/huddersfield-town-fc/2021,"Tuesday, 24 November 2020, 20:00", Martin S.,0,0,1,0,Draw
148,Barnsley,Brentford,0-1,https://www.besoccer.com/match/barnsley-fc/brentford/202175742,2021,13,championship,/match/barnsley-fc/brentford/2021,"Tuesday, 24 November 2020, 20:45", Bond D.,1,0,0,0,Away Win
149,Preston North End,Blackburn Rovers,0-3,https://www.besoccer.com/match/preston-north-end/blackburn-rovers-fc/202175744,2021,13,championship,/match/preston-north-end/blackburn-rovers-fc/2021,"Tuesday, 24 November 2020, 20:45", Harrington T.,1,1,1,0,Away Win
150,AFC Bournemouth,Nottingham Forest,2-0,https://www.besoccer.com/match/afc-bournemouth/nottingham-forest-fc/202175741,2021,13,championship,/match/afc-bournemouth/nottingham-forest-fc/2021,"Tuesday, 24 November 2020, 21:00", Hooper S.,2,0,0,0,Home Win
151,Middlesbrough,Derby County,3-0,https://www.besoccer.com/match/middlesbrough-fc/derby-county-fc/202175749,2021,13,championship,/match/middlesbrough-fc/derby-county-fc/2021,"Wednesday, 25 November 2020, 20:00", Bankes P.,0,0,4,0,Home Win
152,Millwall,Reading,1-1,https://www.besoccer.com/match/millwall-fc/reading-fc/202175750,2021,13,championship,/match/millwall-fc/reading-fc/2021,"Wednesday, 25 November 2020, 20:00", Doughty L.,4,0,4,0,Draw
153,Bristol City,Watford,0-0,https://www.besoccer.com/match/bristol-city-fc/watford-fc/202175747,2021,13,championship,/match/bristol-city-fc/watford-fc/2021,"Wednesday, 25 November 2020, 20:45", Whitestone D.,0,0,0,0,Draw
154,Coventry City,Cardiff City,1-0,https://www.besoccer.com/match/coventry-city/cardiff-city-fc/202175748,2021,13,championship,/match/coventry-city/cardiff-city-fc/2021,"Wednesday, 25 November 2020, 20:45", Simpson J.,1,0,2,0,Home Win
155,Swansea City,Sheffield Wednesday,1-1,https://www.besoccer.com/match/swansea-city-afc/sheffield-wednesday-fc/202175751,2021,13,championship,/match/swansea-city-afc/sheffield-wednesday-fc/2021,"Wednesday, 25 November 2020, 20:45", Woolmer A.,4,0,0,0,Draw
156,Brentford,Queens Park Rangers,2-1,https://www.besoccer.com/match/brentford/queens-park-rangers-fc/202175755,2021,14,championship,/match/brentford/queens-park-rangers-fc/2021,"Friday, 27 November 2020, 20:45", Donohue M.,2,0,4,1,Home Win
157,Reading,Bristol City,3-1,https://www.besoccer.com/match/reading-fc/bristol-city-fc/202175761,2021,14,championship,/match/reading-fc/bristol-city-fc/2021,"Saturday, 28 November 2020, 13:30", Simpson J.,0,0,2,0,Home Win
158,Birmingham City,Millwall,0-0,https://www.besoccer.com/match/birmingham-city-fc/millwall-fc/202175753,2021,14,championship,/match/birmingham-city-fc/millwall-fc/2021,"Saturday, 28 November 2020, 16:00", Woolmer A.,2,0,1,0,Draw
159,Blackburn Rovers,Barnsley,2-1,https://www.besoccer.com/match/blackburn-rovers-fc/barnsley-fc/202175754,2021,14,championship,/match/blackburn-rovers-fc/barnsley-fc/2021,"Saturday, 28 November 2020, 16:00", Madley A.,2,0,0,0,Home Win
160,Cardiff City,Luton Town,4-0,https://www.besoccer.com/match/cardiff-city-fc/luton-town-fc/202175756,2021,14,championship,/match/cardiff-city-fc/luton-town-fc/2021,"Saturday, 28 November 2020, 16:00", Smith J.,1,0,0,0,Home Win
161,Derby County,Wycombe Wanderers,1-1,https://www.besoccer.com/match/derby-county-fc/wycombe-wanderers/202175757,2021,14,championship,/match/derby-county-fc/wycombe-wanderers/2021,"Saturday, 28 November 2020, 16:00", Simpson J.,0,0,1,0,Draw
162,Huddersfield Town,Middlesbrough,3-2,https://www.besoccer.com/match/huddersfield-town-fc/middlesbrough-fc/202175758,2021,14,championship,/match/huddersfield-town-fc/middlesbrough-fc/2021,"Saturday, 28 November 2020, 16:00", Brooks J.,4,0,3,0,Home Win
163,Norwich City,Coventry City,1-1,https://www.besoccer.com/match/norwich-city-fc/coventry-city/202175759,2021,14,championship,/match/norwich-city-fc/coventry-city/2021,"Saturday, 28 November 2020, 16:00", Stroud K.,3,0,0,0,Draw
164,Rotherham United,AFC Bournemouth,2-2,https://www.besoccer.com/match/rotherham-united/afc-bournemouth/202175762,2021,14,championship,/match/rotherham-united/afc-bournemouth/2021,"Saturday, 28 November 2020, 16:00", Eltringham G.,2,0,3,0,Draw
165,Sheffield Wednesday,Stoke City,0-0,https://www.besoccer.com/match/sheffield-wednesday-fc/stoke-city/202175763,2021,14,championship,/match/sheffield-wednesday-fc/stoke-city/2021,"Saturday, 28 November 2020, 16:00", Robinson T.,4,0,2,0,Draw
166,Watford,Preston North End,4-1,https://www.besoccer.com/match/watford-fc/preston-north-end/202175764,2021,14,championship,/match/watford-fc/preston-north-end/2021,"Saturday, 28 November 2020, 16:00", Gillett J.,1,0,0,0,Home Win
167,Nottingham Forest,Swansea City,0-1,https://www.besoccer.com/match/nottingham-forest-fc/swansea-city-afc/202175760,2021,14,championship,/match/nottingham-forest-fc/swansea-city-afc/2021,"Sunday, 29 November 2020, 13:00", Harrington T.,4,0,2,0,Away Win
168,Cardiff City,Huddersfield Town,3-0,https://www.besoccer.com/match/cardiff-city-fc/huddersfield-town-fc/202175767,2021,15,championship,/match/cardiff-city-fc/huddersfield-town-fc/2021,"Tuesday, 01 December 2020, 20:00", Friend K.,1,0,1,0,Home Win
169,AFC Bournemouth,Preston North End,2-3,https://www.besoccer.com/match/afc-bournemouth/preston-north-end/202175765,2021,15,championship,/match/afc-bournemouth/preston-north-end/2021,"Tuesday, 01 December 2020, 20:45", Ward G.,2,0,3,0,Away Win
170,Birmingham City,Barnsley,1-2,https://www.besoccer.com/match/birmingham-city-fc/barnsley-fc/202175766,2021,15,championship,/match/birmingham-city-fc/barnsley-fc/2021,"Tuesday, 01 December 2020, 20:45", Harrington T.,2,0,1,0,Away Win
171,Derby County,Coventry City,1-1,https://www.besoccer.com/match/derby-county-fc/coventry-city/202175768,2021,15,championship,/match/derby-county-fc/coventry-city/2021,"Tuesday, 01 December 2020, 20:45", Whitestone D.,4,0,1,0,Draw
172,Queens Park Rangers,Bristol City,1-2,https://www.besoccer.com/match/queens-park-rangers-fc/bristol-city-fc/202175769,2021,15,championship,/match/queens-park-rangers-fc/bristol-city-fc/2021,"Tuesday, 01 December 2020, 20:45", Linington J.,2,0,1,0,Away Win
173,Rotherham United,Brentford,0-2,https://www.besoccer.com/match/rotherham-united/brentford/202175770,2021,15,championship,/match/rotherham-united/brentford/2021,"Tuesday, 01 December 2020, 21:00", Robinson T.,5,1,0,0,Away Win
174,Middlesbrough,Swansea City,2-1,https://www.besoccer.com/match/middlesbrough-fc/swansea-city-afc/202175773,2021,15,championship,/match/middlesbrough-fc/swansea-city-afc/2021,"Wednesday, 02 December 2020, 20:00", Stroud K.,2,0,2,0,Home Win
175,Blackburn Rovers,Millwall,2-1,https://www.besoccer.com/match/blackburn-rovers-fc/millwall-fc/202175771,2021,15,championship,/match/blackburn-rovers-fc/millwall-fc/2021,"Wednesday, 02 December 2020, 20:45", Salisbury G.,0,0,2,0,Home Win
176,Luton Town,Norwich City,3-1,https://www.besoccer.com/match/luton-town-fc/norwich-city-fc/202175772,2021,15,championship,/match/luton-town-fc/norwich-city-fc/2021,"Wednesday, 02 December 2020, 20:45", England D.,1,0,2,0,Home Win
177,Nottingham Forest,Watford,0-0,https://www.besoccer.com/match/nottingham-forest-fc/watford-fc/202175774,2021,15,championship,/match/nottingham-forest-fc/watford-fc/2021,"Wednesday, 02 December 2020, 20:45", Webb D.,3,0,2,0,Draw
178,Sheffield Wednesday,Reading,1-1,https://www.besoccer.com/match/sheffield-wednesday-fc/reading-fc/202175775,2021,15,championship,/match/sheffield-wednesday-fc/reading-fc/2021,"Wednesday, 02 December 2020, 20:45", Langford O.,2,1,0,0,Draw
179,Wycombe Wanderers,Stoke City,0-1,https://www.besoccer.com/match/wycombe-wanderers/stoke-city/202175776,2021,15,championship,/match/wycombe-wanderers/stoke-city/2021,"Wednesday, 02 December 2020, 20:45", Bond D.,2,0,4,0,Away Win
180,Barnsley,AFC Bournemouth,0-4,https://www.besoccer.com/match/barnsley-fc/afc-bournemouth/202175777,2021,16,championship,/match/barnsley-fc/afc-bournemouth/2021,"Friday, 04 December 2020, 18:30", Stroud K.,3,0,0,0,Away Win
181,Reading,Nottingham Forest,2-0,https://www.besoccer.com/match/reading-fc/nottingham-forest-fc/202175785,2021,16,championship,/match/reading-fc/nottingham-forest-fc/2021,"Saturday, 05 December 2020, 13:30", Ward G.,1,0,1,1,Home Win
182,Brentford,Blackburn Rovers,2-2,https://www.besoccer.com/match/brentford/blackburn-rovers-fc/202175778,2021,16,championship,/match/brentford/blackburn-rovers-fc/2021,"Saturday, 05 December 2020, 16:00", Langford O.,3,0,6,1,Draw
183,Bristol City,Birmingham City,0-1,https://www.besoccer.com/match/bristol-city-fc/birmingham-city-fc/202175779,2021,16,championship,/match/bristol-city-fc/birmingham-city-fc/2021,"Saturday, 05 December 2020, 16:00", Brooks J.,0,0,3,0,Away Win
184,Coventry City,Rotherham United,3-1,https://www.besoccer.com/match/coventry-city/rotherham-united/202175780,2021,16,championship,/match/coventry-city/rotherham-united/2021,"Saturday, 05 December 2020, 16:00", Webb D.,0,0,3,0,Home Win
185,Huddersfield Town,Queens Park Rangers,2-0,https://www.besoccer.com/match/huddersfield-town-fc/queens-park-rangers-fc/202175781,2021,16,championship,/match/huddersfield-town-fc/queens-park-rangers-fc/2021,"Saturday, 05 December 2020, 16:00", Whitestone D.,0,0,2,0,Home Win
186,Millwall,Derby County,0-1,https://www.besoccer.com/match/millwall-fc/derby-county-fc/202175782,2021,16,championship,/match/millwall-fc/derby-county-fc/2021,"Saturday, 05 December 2020, 16:00", England D.,0,0,5,0,Away Win
187,Norwich City,Sheffield Wednesday,2-1,https://www.besoccer.com/match/norwich-city-fc/sheffield-wednesday-fc/202175783,2021,16,championship,/match/norwich-city-fc/sheffield-wednesday-fc/2021,"Saturday, 05 December 2020, 16:00", Gillett J.,1,0,2,0,Home Win
188,Preston North End,Wycombe Wanderers,2-2,https://www.besoccer.com/match/preston-north-end/wycombe-wanderers/202175784,2021,16,championship,/match/preston-north-end/wycombe-wanderers/2021,"Saturday, 05 December 2020, 16:00", Linington J.,0,0,3,0,Draw
189,Stoke City,Middlesbrough,1-0,https://www.besoccer.com/match/stoke-city/middlesbrough-fc/202175786,2021,16,championship,/match/stoke-city/middlesbrough-fc/2021,"Saturday, 05 December 2020, 16:00", Simpson J.,2,0,3,0,Home Win
190,Swansea City,Luton Town,2-0,https://www.besoccer.com/match/swansea-city-afc/luton-town-fc/202175787,2021,16,championship,/match/swansea-city-afc/luton-town-fc/2021,"Saturday, 05 December 2020, 16:00", Doughty L.,1,0,3,1,Home Win
191,Watford,Cardiff City,0-1,https://www.besoccer.com/match/watford-fc/cardiff-city-fc/202175788,2021,16,championship,/match/watford-fc/cardiff-city-fc/2021,"Saturday, 05 December 2020, 16:00", Martin S.,1,0,2,0,Away Win
192,Coventry City,Luton Town,0-0,https://www.besoccer.com/match/coventry-city/luton-town-fc/202175789,2021,17,championship,/match/coventry-city/luton-town-fc/2021,"Tuesday, 08 December 2020, 20:45", Woolmer A.,3,0,2,0,Draw
193,Huddersfield Town,Sheffield Wednesday,2-0,https://www.besoccer.com/match/huddersfield-town-fc/sheffield-wednesday-fc/202175790,2021,17,championship,/match/huddersfield-town-fc/sheffield-wednesday-fc/2021,"Tuesday, 08 December 2020, 20:45", Stroud K.,1,0,3,0,Home Win
194,Millwall,Queens Park Rangers,1-1,https://www.besoccer.com/match/millwall-fc/queens-park-rangers-fc/202175791,2021,17,championship,/match/millwall-fc/queens-park-rangers-fc/2021,"Tuesday, 08 December 2020, 20:45", Gillett J.,0,0,3,0,Draw
195,Swansea City,AFC Bournemouth,0-0,https://www.besoccer.com/match/swansea-city-afc/afc-bournemouth/202175792,2021,17,championship,/match/swansea-city-afc/afc-bournemouth/2021,"Tuesday, 08 December 2020, 20:45", Bankes P.,1,0,3,0,Draw
196,Watford,Rotherham United,2-0,https://www.besoccer.com/match/watford-fc/rotherham-united/202175793,2021,17,championship,/match/watford-fc/rotherham-united/2021,"Tuesday, 08 December 2020, 20:45", Ward G.,0,0,2,0,Home Win
197,Stoke City,Cardiff City,1-2,https://www.besoccer.com/match/stoke-city/cardiff-city-fc/202175794,2021,17,championship,/match/stoke-city/cardiff-city-fc/2021,"Tuesday, 08 December 2020, 20:45", Harrington T.,2,0,2,0,Away Win
198,Preston North End,Middlesbrough,3-0,https://www.besoccer.com/match/preston-north-end/middlesbrough-fc/202175799,2021,17,championship,/match/preston-north-end/middlesbrough-fc/2021,"Wednesday, 09 December 2020, 20:00", Madley A.,0,0,1,0,Home Win
199,Barnsley,Wycombe Wanderers,2-1,https://www.besoccer.com/match/barnsley-fc/wycombe-wanderers/202175795,2021,17,championship,/match/barnsley-fc/wycombe-wanderers/2021,"Wednesday, 09 December 2020, 20:45", Eltringham G.,3,0,3,0,Home Win
200,Brentford,Derby County,0-0,https://www.besoccer.com/match/brentford/derby-county-fc/202175796,2021,17,championship,/match/brentford/derby-county-fc/2021,"Wednesday, 09 December 2020, 20:45", Webb D.,2,0,1,0,Draw
201,Bristol City,Blackburn Rovers,1-0,https://www.besoccer.com/match/bristol-city-fc/blackburn-rovers-fc/202175797,2021,17,championship,/match/bristol-city-fc/blackburn-rovers-fc/2021,"Wednesday, 09 December 2020, 20:45", Martin S.,1,0,0,0,Home Win
202,Norwich City,Nottingham Forest,2-1,https://www.besoccer.com/match/norwich-city-fc/nottingham-forest-fc/202175798,2021,17,championship,/match/norwich-city-fc/nottingham-forest-fc/2021,"Wednesday, 09 December 2020, 20:45", Bond D.,4,0,1,0,Home Win
203,Reading,Birmingham City,1-2,https://www.besoccer.com/match/reading-fc/birmingham-city-fc/202175800,2021,17,championship,/match/reading-fc/birmingham-city-fc/2021,"Wednesday, 09 December 2020, 20:45", Robinson T.,1,0,5,1,Away Win
204,Cardiff City,Swansea City,0-2,https://www.besoccer.com/match/cardiff-city-fc/swansea-city-afc/202175804,2021,18,championship,/match/cardiff-city-fc/swansea-city-afc/2021,"Saturday, 12 December 2020, 13:30", Brooks J.,4,1,2,0,Away Win
205,AFC Bournemouth,Huddersfield Town,5-0,https://www.besoccer.com/match/afc-bournemouth/huddersfield-town-fc/202175801,2021,18,championship,/match/afc-bournemouth/huddersfield-town-fc/2021,"Saturday, 12 December 2020, 16:00", Langford O.,1,0,1,0,Home Win
206,Birmingham City,Watford,0-1,https://www.besoccer.com/match/birmingham-city-fc/watford-fc/202175802,2021,18,championship,/match/birmingham-city-fc/watford-fc/2021,"Saturday, 12 December 2020, 16:00", Donohue M.,3,1,1,0,Away Win
207,Blackburn Rovers,Norwich City,1-2,https://www.besoccer.com/match/blackburn-rovers-fc/norwich-city-fc/202175803,2021,18,championship,/match/blackburn-rovers-fc/norwich-city-fc/2021,"Saturday, 12 December 2020, 16:00", Whitestone D.,0,0,1,0,Away Win
208,Derby County,Stoke City,0-0,https://www.besoccer.com/match/derby-county-fc/stoke-city/202175805,2021,18,championship,/match/derby-county-fc/stoke-city/2021,"Saturday, 12 December 2020, 16:00", Woolmer A.,3,0,1,0,Draw
209,Luton Town,Preston North End,3-0,https://www.besoccer.com/match/luton-town-fc/preston-north-end/202175806,2021,18,championship,/match/luton-town-fc/preston-north-end/2021,"Saturday, 12 December 2020, 16:00", Simpson J.,0,0,0,0,Home Win
210,Middlesbrough,Millwall,3-0,https://www.besoccer.com/match/middlesbrough-fc/millwall-fc/202175807,2021,18,championship,/match/middlesbrough-fc/millwall-fc/2021,"Saturday, 12 December 2020, 16:00", Bond D.,1,0,1,0,Home Win
211,Nottingham Forest,Brentford,1-3,https://www.besoccer.com/match/nottingham-forest-fc/brentford/202175808,2021,18,championship,/match/nottingham-forest-fc/brentford/2021,"Saturday, 12 December 2020, 16:00", Eltringham G.,4,1,3,0,Away Win
212,Queens Park Rangers,Reading,0-1,https://www.besoccer.com/match/queens-park-rangers-fc/reading-fc/202175809,2021,18,championship,/match/queens-park-rangers-fc/reading-fc/2021,"Saturday, 12 December 2020, 16:00", Harrington T.,1,0,0,0,Away Win
213,Rotherham United,Bristol City,2-0,https://www.besoccer.com/match/rotherham-united/bristol-city-fc/202175810,2021,18,championship,/match/rotherham-united/bristol-city-fc/2021,"Saturday, 12 December 2020, 16:00", Doughty L.,2,0,1,0,Home Win
214,Sheffield Wednesday,Barnsley,1-2,https://www.besoccer.com/match/sheffield-wednesday-fc/barnsley-fc/202175811,2021,18,championship,/match/sheffield-wednesday-fc/barnsley-fc/2021,"Saturday, 12 December 2020, 16:00", Linington J.,1,0,0,0,Away Win
215,Wycombe Wanderers,Coventry City,1-2,https://www.besoccer.com/match/wycombe-wanderers/coventry-city/202175812,2021,18,championship,/match/wycombe-wanderers/coventry-city/2021,"Saturday, 12 December 2020, 16:00", Davies A.,1,0,4,0,Away Win
216,Queens Park Rangers,Stoke City,0-0,https://www.besoccer.com/match/queens-park-rangers-fc/stoke-city/202175817,2021,19,championship,/match/queens-park-rangers-fc/stoke-city/2021,"Tuesday, 15 December 2020, 18:30", Stroud K.,2,0,1,0,Draw
217,AFC Bournemouth,Wycombe Wanderers,1-0,https://www.besoccer.com/match/afc-bournemouth/wycombe-wanderers/202175813,2021,19,championship,/match/afc-bournemouth/wycombe-wanderers/2021,"Tuesday, 15 December 2020, 20:45", Donohue M.,1,0,1,1,Home Win
218,Barnsley,Preston North End,2-1,https://www.besoccer.com/match/barnsley-fc/preston-north-end/202175814,2021,19,championship,/match/barnsley-fc/preston-north-end/2021,"Tuesday, 15 December 2020, 20:45", Whitestone D.,0,0,1,0,Home Win
219,Bristol City,Millwall,0-2,https://www.besoccer.com/match/bristol-city-fc/millwall-fc/202175815,2021,19,championship,/match/bristol-city-fc/millwall-fc/2021,"Tuesday, 15 December 2020, 20:45", Webb D.,3,1,0,0,Away Win
220,Nottingham Forest,Sheffield Wednesday,2-0,https://www.besoccer.com/match/nottingham-forest-fc/sheffield-wednesday-fc/202175816,2021,19,championship,/match/nottingham-forest-fc/sheffield-wednesday-fc/2021,"Tuesday, 15 December 2020, 20:45", Martin S.,0,0,1,0,Home Win
221,Watford,Brentford,1-1,https://www.besoccer.com/match/watford-fc/brentford/202175818,2021,19,championship,/match/watford-fc/brentford/2021,"Tuesday, 15 December 2020, 21:00", Linington J.,4,0,0,1,Draw
222,Derby County,Swansea City,2-0,https://www.besoccer.com/match/derby-county-fc/swansea-city-afc/202175822,2021,19,championship,/match/derby-county-fc/swansea-city-afc/2021,"Wednesday, 16 December 2020, 18:30", Ward G.,0,0,1,0,Home Win
223,Cardiff City,Birmingham City,3-2,https://www.besoccer.com/match/cardiff-city-fc/birmingham-city-fc/202175820,2021,19,championship,/match/cardiff-city-fc/birmingham-city-fc/2021,"Wednesday, 16 December 2020, 20:00", Salisbury G.,2,0,2,0,Home Win
224,Middlesbrough,Luton Town,1-0,https://www.besoccer.com/match/middlesbrough-fc/luton-town-fc/202175823,2021,19,championship,/match/middlesbrough-fc/luton-town-fc/2021,"Wednesday, 16 December 2020, 20:00", Davies A.,1,1,1,0,Home Win
225,Blackburn Rovers,Rotherham United,2-1,https://www.besoccer.com/match/blackburn-rovers-fc/rotherham-united/202175819,2021,19,championship,/match/blackburn-rovers-fc/rotherham-united/2021,"Wednesday, 16 December 2020, 20:45", Gillett J.,2,0,3,0,Home Win
226,Coventry City,Huddersfield Town,0-0,https://www.besoccer.com/match/coventry-city/huddersfield-town-fc/202175821,2021,19,championship,/match/coventry-city/huddersfield-town-fc/2021,"Wednesday, 16 December 2020, 21:00", Robinson T.,1,0,1,0,Draw
227,Reading,Norwich City,1-2,https://www.besoccer.com/match/reading-fc/norwich-city-fc/202175824,2021,19,championship,/match/reading-fc/norwich-city-fc/2021,"Wednesday, 16 December 2020, 21:00", Eltringham G.,1,0,0,0,Away Win
228,Preston North End,Bristol City,1-0,https://www.besoccer.com/match/preston-north-end/bristol-city-fc/202175831,2021,20,championship,/match/preston-north-end/bristol-city-fc/2021,"Friday, 18 December 2020, 21:00", Eltringham G.,1,0,0,0,Home Win
229,Norwich City,Cardiff City,2-0,https://www.besoccer.com/match/norwich-city-fc/cardiff-city-fc/202175830,2021,20,championship,/match/norwich-city-fc/cardiff-city-fc/2021,"Saturday, 19 December 2020, 13:30", Robinson T.,0,0,4,0,Home Win
230,Birmingham City,Middlesbrough,1-4,https://www.besoccer.com/match/birmingham-city-fc/middlesbrough-fc/202175825,2021,20,championship,/match/birmingham-city-fc/middlesbrough-fc/2021,"Saturday, 19 December 2020, 16:00", Martin S.,0,0,0,0,Away Win
231,Brentford,Reading,3-1,https://www.besoccer.com/match/brentford/reading-fc/202175826,2021,20,championship,/match/brentford/reading-fc/2021,"Saturday, 19 December 2020, 16:00", Stroud K.,2,0,1,0,Home Win
232,Huddersfield Town,Watford,2-0,https://www.besoccer.com/match/huddersfield-town-fc/watford-fc/202175827,2021,20,championship,/match/huddersfield-town-fc/watford-fc/2021,"Saturday, 19 December 2020, 16:00", Doughty L.,2,0,2,0,Home Win
233,Luton Town,AFC Bournemouth,0-0,https://www.besoccer.com/match/luton-town-fc/afc-bournemouth/202175828,2021,20,championship,/match/luton-town-fc/afc-bournemouth/2021,"Saturday, 19 December 2020, 16:00", Whitestone D.,1,0,1,0,Draw
234,Millwall,Nottingham Forest,1-1,https://www.besoccer.com/match/millwall-fc/nottingham-forest-fc/202175829,2021,20,championship,/match/millwall-fc/nottingham-forest-fc/2021,"Saturday, 19 December 2020, 16:00", Langford O.,2,0,4,0,Draw
235,Sheffield Wednesday,Coventry City,1-0,https://www.besoccer.com/match/sheffield-wednesday-fc/coventry-city/202175833,2021,20,championship,/match/sheffield-wednesday-fc/coventry-city/2021,"Saturday, 19 December 2020, 16:00", Brooks J.,2,0,1,0,Home Win
236,Stoke City,Blackburn Rovers,1-0,https://www.besoccer.com/match/stoke-city/blackburn-rovers-fc/202175834,2021,20,championship,/match/stoke-city/blackburn-rovers-fc/2021,"Saturday, 19 December 2020, 16:00", Webb D.,1,0,0,0,Home Win
237,Swansea City,Barnsley,2-0,https://www.besoccer.com/match/swansea-city-afc/barnsley-fc/202175835,2021,20,championship,/match/swansea-city-afc/barnsley-fc/2021,"Saturday, 19 December 2020, 16:00", Davies A.,1,0,1,0,Home Win
238,Wycombe Wanderers,Queens Park Rangers,1-1,https://www.besoccer.com/match/wycombe-wanderers/queens-park-rangers-fc/202175836,2021,20,championship,/match/wycombe-wanderers/queens-park-rangers-fc/2021,"Saturday, 19 December 2020, 16:00", Ward G.,2,0,1,0,Draw
239,Rotherham United,Derby County,3-0,https://www.besoccer.com/match/rotherham-united/derby-county-fc/202175832,2021,20,championship,/match/rotherham-united/derby-county-fc/2021,"Wednesday, 03 February 2021, 20:00", Simpson J.,2,0,3,0,Home Win
240,Barnsley,Huddersfield Town,2-1,https://www.besoccer.com/match/barnsley-fc/huddersfield-town-fc/202175838,2021,21,championship,/match/barnsley-fc/huddersfield-town-fc/2021,"Saturday, 26 December 2020, 16:00", Webb D.,1,0,0,0,Home Win
241,Blackburn Rovers,Sheffield Wednesday,1-1,https://www.besoccer.com/match/blackburn-rovers-fc/sheffield-wednesday-fc/202175839,2021,21,championship,/match/blackburn-rovers-fc/sheffield-wednesday-fc/2021,"Saturday, 26 December 2020, 16:00", Harrington T.,1,0,0,0,Draw
242,Bristol City,Wycombe Wanderers,2-1,https://www.besoccer.com/match/bristol-city-fc/wycombe-wanderers/202175840,2021,21,championship,/match/bristol-city-fc/wycombe-wanderers/2021,"Saturday, 26 December 2020, 16:00", Stroud K.,0,0,2,0,Home Win
243,Cardiff City,Brentford,2-3,https://www.besoccer.com/match/cardiff-city-fc/brentford/202175841,2021,21,championship,/match/cardiff-city-fc/brentford/2021,"Saturday, 26 December 2020, 16:00", Whitestone D.,1,0,0,0,Away Win
244,Coventry City,Stoke City,0-0,https://www.besoccer.com/match/coventry-city/stoke-city/202175842,2021,21,championship,/match/coventry-city/stoke-city/2021,"Saturday, 26 December 2020, 16:00", Gillett J.,0,0,1,0,Draw
245,Derby County,Preston North End,0-1,https://www.besoccer.com/match/derby-county-fc/preston-north-end/202175843,2021,21,championship,/match/derby-county-fc/preston-north-end/2021,"Saturday, 26 December 2020, 16:00", Bond D.,0,1,1,0,Away Win
246,Nottingham Forest,Birmingham City,0-0,https://www.besoccer.com/match/nottingham-forest-fc/birmingham-city-fc/202175845,2021,21,championship,/match/nottingham-forest-fc/birmingham-city-fc/2021,"Saturday, 26 December 2020, 16:00", Simpson J.,3,0,2,0,Draw
247,Queens Park Rangers,Swansea City,0-2,https://www.besoccer.com/match/queens-park-rangers-fc/swansea-city-afc/202175846,2021,21,championship,/match/queens-park-rangers-fc/swansea-city-afc/2021,"Saturday, 26 December 2020, 16:00", Martin S.,1,0,1,0,Away Win
248,Reading,Luton Town,2-1,https://www.besoccer.com/match/reading-fc/luton-town-fc/202175847,2021,21,championship,/match/reading-fc/luton-town-fc/2021,"Saturday, 26 December 2020, 16:00", Donohue M.,1,0,2,0,Home Win
249,Watford,Norwich City,1-0,https://www.besoccer.com/match/watford-fc/norwich-city-fc/202175848,2021,21,championship,/match/watford-fc/norwich-city-fc/2021,"Saturday, 26 December 2020, 20:45", Brooks J.,4,0,0,0,Home Win
250,AFC Bournemouth,Millwall,1-1,https://www.besoccer.com/match/afc-bournemouth/millwall-fc/202175837,2021,21,championship,/match/afc-bournemouth/millwall-fc/2021,"Tuesday, 12 January 2021, 20:45", Robinson T.,1,0,2,0,Draw
251,Middlesbrough,Rotherham United,0-3,https://www.besoccer.com/match/middlesbrough-fc/rotherham-united/202175844,2021,21,championship,/match/middlesbrough-fc/rotherham-united/2021,"Wednesday, 27 January 2021, 20:00", Salisbury G.,0,0,0,0,Away Win
252,Birmingham City,Derby County,0-4,https://www.besoccer.com/match/birmingham-city-fc/derby-county-fc/202175849,2021,22,championship,/match/birmingham-city-fc/derby-county-fc/2021,"Tuesday, 29 December 2020, 18:30", Harrington T.,0,0,1,0,Away Win
253,Sheffield Wednesday,Middlesbrough,2-1,https://www.besoccer.com/match/sheffield-wednesday-fc/middlesbrough-fc/202175857,2021,22,championship,/match/sheffield-wednesday-fc/middlesbrough-fc/2021,"Tuesday, 29 December 2020, 20:00", Eltringham G.,2,0,2,0,Home Win
254,Huddersfield Town,Blackburn Rovers,2-1,https://www.besoccer.com/match/huddersfield-town-fc/blackburn-rovers-fc/202175851,2021,22,championship,/match/huddersfield-town-fc/blackburn-rovers-fc/2021,"Tuesday, 29 December 2020, 20:45", Donohue M.,3,0,2,0,Home Win
255,Luton Town,Bristol City,2-1,https://www.besoccer.com/match/luton-town-fc/bristol-city-fc/202175852,2021,22,championship,/match/luton-town-fc/bristol-city-fc/2021,"Tuesday, 29 December 2020, 20:45", Ward G.,1,0,1,0,Home Win
256,Norwich City,Queens Park Rangers,1-1,https://www.besoccer.com/match/norwich-city-fc/queens-park-rangers-fc/202175854,2021,22,championship,/match/norwich-city-fc/queens-park-rangers-fc/2021,"Tuesday, 29 December 2020, 20:45", Langford O.,3,0,6,0,Draw
257,Preston North End,Coventry City,2-0,https://www.besoccer.com/match/preston-north-end/coventry-city/202175855,2021,22,championship,/match/preston-north-end/coventry-city/2021,"Tuesday, 29 December 2020, 20:45", Stroud K.,3,0,0,0,Home Win
258,Rotherham United,Barnsley,1-2,https://www.besoccer.com/match/rotherham-united/barnsley-fc/202175856,2021,22,championship,/match/rotherham-united/barnsley-fc/2021,"Tuesday, 29 December 2020, 20:45", Martin S.,3,0,1,0,Away Win
259,Wycombe Wanderers,Cardiff City,2-1,https://www.besoccer.com/match/wycombe-wanderers/cardiff-city-fc/202175859,2021,22,championship,/match/wycombe-wanderers/cardiff-city-fc/2021,"Tuesday, 29 December 2020, 20:45", Doughty L.,2,0,2,0,Home Win
260,Stoke City,Nottingham Forest,1-1,https://www.besoccer.com/match/stoke-city/nottingham-forest-fc/202175860,2021,22,championship,/match/stoke-city/nottingham-forest-fc/2021,"Tuesday, 29 December 2020, 21:00", Whitestone D.,1,0,0,0,Draw
261,Brentford,AFC Bournemouth,2-1,https://www.besoccer.com/match/brentford/afc-bournemouth/202175850,2021,22,championship,/match/brentford/afc-bournemouth/2021,"Wednesday, 30 December 2020, 18:30", Gillett J.,0,0,1,0,Home Win
262,Swansea City,Reading,0-0,https://www.besoccer.com/match/swansea-city-afc/reading-fc/202175858,2021,22,championship,/match/swansea-city-afc/reading-fc/2021,"Wednesday, 30 December 2020, 21:00", Webb D.,1,0,0,0,Draw
263,Millwall,Watford,0-0,https://www.besoccer.com/match/millwall-fc/watford-fc/202175853,2021,22,championship,/match/millwall-fc/watford-fc/2021,"Tuesday, 26 January 2021, 20:00", Simpson J.,2,0,4,0,Draw
264,Sheffield Wednesday,Derby County,1-0,https://www.besoccer.com/match/sheffield-wednesday-fc/derby-county-fc/202175869,2021,23,championship,/match/sheffield-wednesday-fc/derby-county-fc/2021,"Friday, 01 January 2021, 18:30", Donohue M.,0,0,2,0,Home Win
265,Birmingham City,Blackburn Rovers,0-2,https://www.besoccer.com/match/birmingham-city-fc/blackburn-rovers-fc/202175861,2021,23,championship,/match/birmingham-city-fc/blackburn-rovers-fc/2021,"Saturday, 02 January 2021, 16:00", Ward G.,1,0,3,0,Away Win
266,Huddersfield Town,Reading,1-2,https://www.besoccer.com/match/huddersfield-town-fc/reading-fc/202175863,2021,23,championship,/match/huddersfield-town-fc/reading-fc/2021,"Saturday, 02 January 2021, 16:00", Simpson J.,2,0,1,0,Away Win
267,Millwall,Coventry City,1-2,https://www.besoccer.com/match/millwall-fc/coventry-city/202175865,2021,23,championship,/match/millwall-fc/coventry-city/2021,"Saturday, 02 January 2021, 16:00", Linington J.,3,1,1,0,Away Win
268,Norwich City,Barnsley,1-0,https://www.besoccer.com/match/norwich-city-fc/barnsley-fc/202175866,2021,23,championship,/match/norwich-city-fc/barnsley-fc/2021,"Saturday, 02 January 2021, 16:00", Salisbury G.,0,0,1,0,Home Win
269,Preston North End,Nottingham Forest,0-1,https://www.besoccer.com/match/preston-north-end/nottingham-forest-fc/202175867,2021,23,championship,/match/preston-north-end/nottingham-forest-fc/2021,"Saturday, 02 January 2021, 16:00", Robinson T.,1,0,3,0,Away Win
270,Swansea City,Watford,2-1,https://www.besoccer.com/match/swansea-city-afc/watford-fc/202175871,2021,23,championship,/match/swansea-city-afc/watford-fc/2021,"Saturday, 02 January 2021, 16:00", Bond D.,3,0,2,0,Home Win
271,Wycombe Wanderers,Middlesbrough,1-3,https://www.besoccer.com/match/wycombe-wanderers/middlesbrough-fc/202175872,2021,23,championship,/match/wycombe-wanderers/middlesbrough-fc/2021,"Saturday, 02 January 2021, 16:00", Gillett J.,2,0,3,0,Away Win
272,Stoke City,AFC Bournemouth,0-1,https://www.besoccer.com/match/stoke-city/afc-bournemouth/202175870,2021,23,championship,/match/stoke-city/afc-bournemouth/2021,"Saturday, 02 January 2021, 20:45", Brooks J.,4,0,1,0,Away Win
273,Luton Town,Queens Park Rangers,0-2,https://www.besoccer.com/match/luton-town-fc/queens-park-rangers-fc/202175864,2021,23,championship,/match/luton-town-fc/queens-park-rangers-fc/2021,"Tuesday, 12 January 2021, 20:00", Woolmer A.,0,0,1,0,Away Win
274,Brentford,Bristol City,3-2,https://www.besoccer.com/match/brentford/bristol-city-fc/202175862,2021,23,championship,/match/brentford/bristol-city-fc/2021,"Wednesday, 03 February 2021, 20:45", Robinson T.,0,0,0,0,Home Win
275,Rotherham United,Cardiff City,1-2,https://www.besoccer.com/match/rotherham-united/cardiff-city-fc/202175868,2021,23,championship,/match/rotherham-united/cardiff-city-fc/2021,"Tuesday, 09 February 2021, 20:00", Eltringham G.,0,0,0,0,Away Win
276,Middlesbrough,Birmingham City,0-1,https://www.besoccer.com/match/middlesbrough-fc/birmingham-city-fc/202175880,2021,24,championship,/match/middlesbrough-fc/birmingham-city-fc/2021,"Saturday, 16 January 2021, 13:30", England D.,1,0,2,0,Away Win
277,AFC Bournemouth,Luton Town,0-1,https://www.besoccer.com/match/afc-bournemouth/luton-town-fc/202175873,2021,24,championship,/match/afc-bournemouth/luton-town-fc/2021,"Saturday, 16 January 2021, 16:00", Webb D.,1,1,2,0,Away Win
278,Blackburn Rovers,Stoke City,1-1,https://www.besoccer.com/match/blackburn-rovers-fc/stoke-city/202175875,2021,24,championship,/match/blackburn-rovers-fc/stoke-city/2021,"Saturday, 16 January 2021, 16:00", Eltringham G.,1,0,2,1,Draw
279,Bristol City,Preston North End,2-0,https://www.besoccer.com/match/bristol-city-fc/preston-north-end/202175876,2021,24,championship,/match/bristol-city-fc/preston-north-end/2021,"Saturday, 16 January 2021, 16:00", Whitestone D.,1,0,1,0,Home Win
280,Cardiff City,Norwich City,1-2,https://www.besoccer.com/match/cardiff-city-fc/norwich-city-fc/202175877,2021,24,championship,/match/cardiff-city-fc/norwich-city-fc/2021,"Saturday, 16 January 2021, 16:00", Harrington T.,5,1,0,0,Away Win
281,Derby County,Rotherham United,0-1,https://www.besoccer.com/match/derby-county-fc/rotherham-united/202175879,2021,24,championship,/match/derby-county-fc/rotherham-united/2021,"Saturday, 16 January 2021, 16:00", Linington J.,2,0,1,0,Away Win
282,Nottingham Forest,Millwall,3-1,https://www.besoccer.com/match/nottingham-forest-fc/millwall-fc/202175881,2021,24,championship,/match/nottingham-forest-fc/millwall-fc/2021,"Saturday, 16 January 2021, 16:00", Stroud K.,1,0,0,0,Home Win
283,Watford,Huddersfield Town,2-0,https://www.besoccer.com/match/watford-fc/huddersfield-town-fc/202175884,2021,24,championship,/match/watford-fc/huddersfield-town-fc/2021,"Saturday, 16 January 2021, 16:00", Salisbury G.,3,0,2,0,Home Win
284,Barnsley,Swansea City,0-2,https://www.besoccer.com/match/barnsley-fc/swansea-city-afc/202175874,2021,24,championship,/match/barnsley-fc/swansea-city-afc/2021,"Saturday, 16 January 2021, 20:45", Simpson J.,1,0,1,0,Away Win
285,Coventry City,Sheffield Wednesday,2-0,https://www.besoccer.com/match/coventry-city/sheffield-wednesday-fc/202175878,2021,24,championship,/match/coventry-city/sheffield-wednesday-fc/2021,"Wednesday, 27 January 2021, 20:00", Doughty L.,2,0,3,0,Home Win
286,Reading,Brentford,1-3,https://www.besoccer.com/match/reading-fc/brentford/202175883,2021,24,championship,/match/reading-fc/brentford/2021,"Wednesday, 10 February 2021, 20:00", Harrington T.,1,0,0,0,Away Win
287,Derby County,AFC Bournemouth,1-0,https://www.besoccer.com/match/derby-county-fc/afc-bournemouth/202175886,2021,25,championship,/match/derby-county-fc/afc-bournemouth/2021,"Tuesday, 19 January 2021, 19:00", Langford O.,0,0,1,0,Home Win
288,Reading,Coventry City,3-0,https://www.besoccer.com/match/reading-fc/coventry-city/202175890,2021,25,championship,/match/reading-fc/coventry-city/2021,"Tuesday, 19 January 2021, 19:00", Whitestone D.,3,0,3,1,Home Win
289,Rotherham United,Stoke City,3-3,https://www.besoccer.com/match/rotherham-united/stoke-city/202175887,2021,25,championship,/match/rotherham-united/stoke-city/2021,"Tuesday, 19 January 2021, 20:45", Donohue M.,2,0,1,0,Draw
290,Watford,Barnsley,1-0,https://www.besoccer.com/match/watford-fc/barnsley-fc/202175889,2021,25,championship,/match/watford-fc/barnsley-fc/2021,"Tuesday, 19 January 2021, 20:45", Robinson T.,1,0,1,0,Home Win
291,Norwich City,Bristol City,2-0,https://www.besoccer.com/match/norwich-city-fc/bristol-city-fc/202175895,2021,25,championship,/match/norwich-city-fc/bristol-city-fc/2021,"Wednesday, 20 January 2021, 19:00", Linington J.,1,0,1,0,Home Win
292,Brentford,Luton Town,1-0,https://www.besoccer.com/match/brentford/luton-town-fc/202175892,2021,25,championship,/match/brentford/luton-town-fc/2021,"Wednesday, 20 January 2021, 20:00", Martin S.,3,1,1,1,Home Win
293,Cardiff City,Queens Park Rangers,0-1,https://www.besoccer.com/match/cardiff-city-fc/queens-park-rangers-fc/202175893,2021,25,championship,/match/cardiff-city-fc/queens-park-rangers-fc/2021,"Wednesday, 20 January 2021, 20:00", Bond D.,0,0,3,0,Away Win
294,Huddersfield Town,Millwall,0-1,https://www.besoccer.com/match/huddersfield-town-fc/millwall-fc/202175894,2021,25,championship,/match/huddersfield-town-fc/millwall-fc/2021,"Wednesday, 20 January 2021, 20:00", Bankes P.,0,0,2,0,Away Win
295,Nottingham Forest,Middlesbrough,1-2,https://www.besoccer.com/match/nottingham-forest-fc/middlesbrough-fc/202175896,2021,25,championship,/match/nottingham-forest-fc/middlesbrough-fc/2021,"Wednesday, 20 January 2021, 20:00", Woolmer A.,3,1,2,0,Away Win
296,Birmingham City,Preston North End,0-1,https://www.besoccer.com/match/birmingham-city-fc/preston-north-end/202175891,2021,25,championship,/match/birmingham-city-fc/preston-north-end/2021,"Wednesday, 20 January 2021, 20:45", Harrington T.,2,0,0,0,Away Win
297,Sheffield Wednesday,Wycombe Wanderers,2-0,https://www.besoccer.com/match/sheffield-wednesday-fc/wycombe-wanderers/202175888,2021,25,championship,/match/sheffield-wednesday-fc/wycombe-wanderers/2021,"Tuesday, 09 February 2021, 20:00", Ward G.,0,0,2,0,Home Win
298,Stoke City,Watford,1-2,https://www.besoccer.com/match/stoke-city/watford-fc/202175906,2021,26,championship,/match/stoke-city/watford-fc/2021,"Friday, 22 January 2021, 20:45", Webb D.,1,0,2,0,Away Win
299,Queens Park Rangers,Derby County,0-1,https://www.besoccer.com/match/queens-park-rangers-fc/derby-county-fc/202175905,2021,26,championship,/match/queens-park-rangers-fc/derby-county-fc/2021,"Saturday, 23 January 2021, 16:00", Robinson T.,2,0,1,0,Away Win
300,Preston North End,Reading,0-0,https://www.besoccer.com/match/preston-north-end/reading-fc/202175904,2021,26,championship,/match/preston-north-end/reading-fc/2021,"Sunday, 24 January 2021, 13:30", Eltringham G.,4,0,0,0,Draw
301,Middlesbrough,Blackburn Rovers,0-1,https://www.besoccer.com/match/middlesbrough-fc/blackburn-rovers-fc/202175902,2021,26,championship,/match/middlesbrough-fc/blackburn-rovers-fc/2021,"Sunday, 24 January 2021, 16:00", Whitestone D.,3,0,1,0,Away Win
302,Bristol City,Huddersfield Town,2-1,https://www.besoccer.com/match/bristol-city-fc/huddersfield-town-fc/202175899,2021,26,championship,/match/bristol-city-fc/huddersfield-town-fc/2021,"Tuesday, 26 January 2021, 20:00", Martin S.,3,0,2,0,Home Win
303,Barnsley,Cardiff City,2-2,https://www.besoccer.com/match/barnsley-fc/cardiff-city-fc/202175898,2021,26,championship,/match/barnsley-fc/cardiff-city-fc/2021,"Wednesday, 27 January 2021, 20:00", Woolmer A.,1,0,0,0,Draw
304,Swansea City,Brentford,1-1,https://www.besoccer.com/match/swansea-city-afc/brentford/202175907,2021,26,championship,/match/swansea-city-afc/brentford/2021,"Wednesday, 27 January 2021, 20:00", Brooks J.,5,1,0,0,Draw
305,Millwall,Norwich City,0-0,https://www.besoccer.com/match/millwall-fc/norwich-city-fc/202175903,2021,26,championship,/match/millwall-fc/norwich-city-fc/2021,"Tuesday, 02 February 2021, 19:00", Martin S.,1,0,2,0,Draw
306,AFC Bournemouth,Sheffield Wednesday,1-2,https://www.besoccer.com/match/afc-bournemouth/sheffield-wednesday-fc/202175897,2021,26,championship,/match/afc-bournemouth/sheffield-wednesday-fc/2021,"Tuesday, 02 February 2021, 20:00", Woolmer A.,0,0,1,0,Away Win
307,Coventry City,Nottingham Forest,1-2,https://www.besoccer.com/match/coventry-city/nottingham-forest-fc/202175900,2021,26,championship,/match/coventry-city/nottingham-forest-fc/2021,"Tuesday, 02 February 2021, 20:00", Harrington T.,1,0,4,0,Away Win
308,Wycombe Wanderers,Birmingham City,0-0,https://www.besoccer.com/match/wycombe-wanderers/birmingham-city-fc/202175908,2021,26,championship,/match/wycombe-wanderers/birmingham-city-fc/2021,"Tuesday, 02 February 2021, 20:00", Brooks J.,1,0,1,1,Draw
309,Reading,AFC Bournemouth,3-1,https://www.besoccer.com/match/reading-fc/afc-bournemouth/202175917,2021,27,championship,/match/reading-fc/afc-bournemouth/2021,"Friday, 29 January 2021, 21:00", Linington J.,1,0,1,0,Home Win
310,Norwich City,Middlesbrough,0-0,https://www.besoccer.com/match/norwich-city-fc/middlesbrough-fc/202175915,2021,27,championship,/match/norwich-city-fc/middlesbrough-fc/2021,"Saturday, 30 January 2021, 13:30", Stroud K.,2,1,2,0,Draw
311,Birmingham City,Coventry City,1-1,https://www.besoccer.com/match/birmingham-city-fc/coventry-city/202175909,2021,27,championship,/match/birmingham-city-fc/coventry-city/2021,"Saturday, 30 January 2021, 16:00", Eltringham G.,3,0,1,0,Draw
312,Blackburn Rovers,Luton Town,1-0,https://www.besoccer.com/match/blackburn-rovers-fc/luton-town-fc/202175910,2021,27,championship,/match/blackburn-rovers-fc/luton-town-fc/2021,"Saturday, 30 January 2021, 16:00", Simpson J.,1,0,1,0,Home Win
313,Brentford,Wycombe Wanderers,7-2,https://www.besoccer.com/match/brentford/wycombe-wanderers/202175911,2021,27,championship,/match/brentford/wycombe-wanderers/2021,"Saturday, 30 January 2021, 16:00", Salisbury G.,0,0,1,0,Home Win
314,Cardiff City,Millwall,1-1,https://www.besoccer.com/match/cardiff-city-fc/millwall-fc/202175912,2021,27,championship,/match/cardiff-city-fc/millwall-fc/2021,"Saturday, 30 January 2021, 16:00", Donohue M.,3,0,0,0,Draw
315,Derby County,Bristol City,1-0,https://www.besoccer.com/match/derby-county-fc/bristol-city-fc/202175913,2021,27,championship,/match/derby-county-fc/bristol-city-fc/2021,"Saturday, 30 January 2021, 16:00", England D.,1,0,1,0,Home Win
316,Huddersfield Town,Stoke City,1-1,https://www.besoccer.com/match/huddersfield-town-fc/stoke-city/202175914,2021,27,championship,/match/huddersfield-town-fc/stoke-city/2021,"Saturday, 30 January 2021, 16:00", Ward G.,0,0,0,0,Draw
317,Nottingham Forest,Barnsley,0-0,https://www.besoccer.com/match/nottingham-forest-fc/barnsley-fc/202175916,2021,27,championship,/match/nottingham-forest-fc/barnsley-fc/2021,"Saturday, 30 January 2021, 16:00", Doughty L.,1,0,2,0,Draw
318,Rotherham United,Swansea City,1-3,https://www.besoccer.com/match/rotherham-united/swansea-city-afc/202175918,2021,27,championship,/match/rotherham-united/swansea-city-afc/2021,"Saturday, 30 January 2021, 16:00", Harrington T.,1,0,1,0,Away Win
319,Sheffield Wednesday,Preston North End,1-0,https://www.besoccer.com/match/sheffield-wednesday-fc/preston-north-end/202175919,2021,27,championship,/match/sheffield-wednesday-fc/preston-north-end/2021,"Saturday, 30 January 2021, 16:00", Marriner A.,1,0,1,0,Home Win
320,Watford,Queens Park Rangers,1-2,https://www.besoccer.com/match/watford-fc/queens-park-rangers-fc/202175920,2021,27,championship,/match/watford-fc/queens-park-rangers-fc/2021,"Monday, 01 February 2021, 20:45", Gillett J.,2,0,1,0,Away Win
321,Swansea City,Norwich City,2-0,https://www.besoccer.com/match/swansea-city-afc/norwich-city-fc/202175931,2021,28,championship,/match/swansea-city-afc/norwich-city-fc/2021,"Friday, 05 February 2021, 21:15", Hooper S.,3,0,2,0,Home Win
322,Coventry City,Watford,0-0,https://www.besoccer.com/match/coventry-city/watford-fc/202175924,2021,28,championship,/match/coventry-city/watford-fc/2021,"Saturday, 06 February 2021, 13:30", Scott G.,0,0,2,0,Draw
323,AFC Bournemouth,Birmingham City,3-2,https://www.besoccer.com/match/afc-bournemouth/birmingham-city-fc/202175921,2021,28,championship,/match/afc-bournemouth/birmingham-city-fc/2021,"Saturday, 06 February 2021, 16:00", Simpson J.,1,0,2,0,Home Win
324,Bristol City,Cardiff City,0-2,https://www.besoccer.com/match/bristol-city-fc/cardiff-city-fc/202175923,2021,28,championship,/match/bristol-city-fc/cardiff-city-fc/2021,"Saturday, 06 February 2021, 16:00", Gillett J.,3,0,2,0,Away Win
325,Luton Town,Huddersfield Town,1-1,https://www.besoccer.com/match/luton-town-fc/huddersfield-town-fc/202175925,2021,28,championship,/match/luton-town-fc/huddersfield-town-fc/2021,"Saturday, 06 February 2021, 16:00", Doughty L.,1,0,3,1,Draw
326,Middlesbrough,Brentford,1-4,https://www.besoccer.com/match/middlesbrough-fc/brentford/202175926,2021,28,championship,/match/middlesbrough-fc/brentford/2021,"Saturday, 06 February 2021, 16:00", Bond D.,1,0,2,0,Away Win
327,Millwall,Sheffield Wednesday,4-1,https://www.besoccer.com/match/millwall-fc/sheffield-wednesday-fc/202175927,2021,28,championship,/match/millwall-fc/sheffield-wednesday-fc/2021,"Saturday, 06 February 2021, 16:00", Eltringham G.,1,0,1,0,Home Win
328,Preston North End,Rotherham United,1-2,https://www.besoccer.com/match/preston-north-end/rotherham-united/202175928,2021,28,championship,/match/preston-north-end/rotherham-united/2021,"Saturday, 06 February 2021, 16:00", Ward G.,1,0,3,0,Away Win
329,Queens Park Rangers,Blackburn Rovers,1-0,https://www.besoccer.com/match/queens-park-rangers-fc/blackburn-rovers-fc/202175929,2021,28,championship,/match/queens-park-rangers-fc/blackburn-rovers-fc/2021,"Saturday, 06 February 2021, 16:00", Harrington T.,3,0,2,0,Home Win
330,Stoke City,Reading,0-0,https://www.besoccer.com/match/stoke-city/reading-fc/202175930,2021,28,championship,/match/stoke-city/reading-fc/2021,"Saturday, 06 February 2021, 16:00", Robinson T.,3,0,0,0,Draw
331,Wycombe Wanderers,Nottingham Forest,0-3,https://www.besoccer.com/match/wycombe-wanderers/nottingham-forest-fc/202175932,2021,28,championship,/match/wycombe-wanderers/nottingham-forest-fc/2021,"Saturday, 06 February 2021, 16:00", Linington J.,0,0,0,0,Away Win
332,Blackburn Rovers,Preston North End,1-2,https://www.besoccer.com/match/blackburn-rovers-fc/preston-north-end/202175934,2021,29,championship,/match/blackburn-rovers-fc/preston-north-end/2021,"Friday, 12 February 2021, 20:45", Webb D.,0,0,2,0,Away Win
333,Nottingham Forest,AFC Bournemouth,0-0,https://www.besoccer.com/match/nottingham-forest-fc/afc-bournemouth/202175940,2021,29,championship,/match/nottingham-forest-fc/afc-bournemouth/2021,"Saturday, 13 February 2021, 13:30", Kavanagh C.,2,0,1,0,Draw
334,Birmingham City,Luton Town,0-1,https://www.besoccer.com/match/birmingham-city-fc/luton-town-fc/202175933,2021,29,championship,/match/birmingham-city-fc/luton-town-fc/2021,"Saturday, 13 February 2021, 16:00", Ward G.,2,0,1,0,Away Win
335,Cardiff City,Coventry City,3-1,https://www.besoccer.com/match/cardiff-city-fc/coventry-city/202175936,2021,29,championship,/match/cardiff-city-fc/coventry-city/2021,"Saturday, 13 February 2021, 16:00", Linington J.,3,0,1,0,Home Win
336,Derby County,Middlesbrough,2-1,https://www.besoccer.com/match/derby-county-fc/middlesbrough-fc/202175937,2021,29,championship,/match/derby-county-fc/middlesbrough-fc/2021,"Saturday, 13 February 2021, 16:00", Donohue M.,2,0,1,0,Home Win
337,Huddersfield Town,Wycombe Wanderers,2-3,https://www.besoccer.com/match/huddersfield-town-fc/wycombe-wanderers/202175938,2021,29,championship,/match/huddersfield-town-fc/wycombe-wanderers/2021,"Saturday, 13 February 2021, 16:00", Stroud K.,4,0,4,0,Away Win
338,Norwich City,Stoke City,4-1,https://www.besoccer.com/match/norwich-city-fc/stoke-city/202175939,2021,29,championship,/match/norwich-city-fc/stoke-city/2021,"Saturday, 13 February 2021, 16:00", Simpson J.,0,0,2,0,Home Win
339,Reading,Millwall,1-2,https://www.besoccer.com/match/reading-fc/millwall-fc/202175941,2021,29,championship,/match/reading-fc/millwall-fc/2021,"Saturday, 13 February 2021, 16:00", Woolmer A.,0,0,2,0,Away Win
340,Watford,Bristol City,6-0,https://www.besoccer.com/match/watford-fc/bristol-city-fc/202175944,2021,29,championship,/match/watford-fc/bristol-city-fc/2021,"Saturday, 13 February 2021, 16:00", Brooks J.,2,0,3,0,Home Win
341,Brentford,Barnsley,0-2,https://www.besoccer.com/match/brentford/barnsley-fc/202175935,2021,29,championship,/match/brentford/barnsley-fc/2021,"Sunday, 14 February 2021, 14:00", Coote D.,1,0,4,0,Away Win
342,Preston North End,Watford,0-1,https://www.besoccer.com/match/preston-north-end/watford-fc/202175948,2021,30,championship,/match/preston-north-end/watford-fc/2021,"Tuesday, 16 February 2021, 20:00", Harrington T.,0,0,1,0,Away Win
343,Stoke City,Sheffield Wednesday,1-0,https://www.besoccer.com/match/stoke-city/sheffield-wednesday-fc/202175950,2021,30,championship,/match/stoke-city/sheffield-wednesday-fc/2021,"Tuesday, 16 February 2021, 20:00", Linington J.,1,0,1,0,Home Win
344,Bristol City,Reading,0-2,https://www.besoccer.com/match/bristol-city-fc/reading-fc/202175945,2021,30,championship,/match/bristol-city-fc/reading-fc/2021,"Tuesday, 16 February 2021, 20:45", Langford O.,4,0,3,0,Away Win
345,Middlesbrough,Huddersfield Town,2-1,https://www.besoccer.com/match/middlesbrough-fc/huddersfield-town-fc/202175947,2021,30,championship,/match/middlesbrough-fc/huddersfield-town-fc/2021,"Tuesday, 16 February 2021, 20:45", Simpson J.,1,1,1,0,Home Win
346,Wycombe Wanderers,Derby County,1-2,https://www.besoccer.com/match/wycombe-wanderers/derby-county-fc/202175949,2021,30,championship,/match/wycombe-wanderers/derby-county-fc/2021,"Tuesday, 16 February 2021, 20:45", Friend K.,2,0,2,0,Away Win
347,Luton Town,Cardiff City,0-2,https://www.besoccer.com/match/luton-town-fc/cardiff-city-fc/202175946,2021,30,championship,/match/luton-town-fc/cardiff-city-fc/2021,"Tuesday, 16 February 2021, 21:15", Robinson T.,0,0,1,0,Away Win
348,Coventry City,Norwich City,0-2,https://www.besoccer.com/match/coventry-city/norwich-city-fc/202175953,2021,30,championship,/match/coventry-city/norwich-city-fc/2021,"Wednesday, 17 February 2021, 20:00", Gillett J.,1,0,3,0,Away Win
349,Millwall,Birmingham City,2-0,https://www.besoccer.com/match/millwall-fc/birmingham-city-fc/202175954,2021,30,championship,/match/millwall-fc/birmingham-city-fc/2021,"Wednesday, 17 February 2021, 20:00", Bond D.,2,0,2,0,Home Win
350,Queens Park Rangers,Brentford,2-1,https://www.besoccer.com/match/queens-park-rangers-fc/brentford/202175955,2021,30,championship,/match/queens-park-rangers-fc/brentford/2021,"Wednesday, 17 February 2021, 20:00", Ward G.,5,0,1,0,Home Win
351,Swansea City,Nottingham Forest,1-0,https://www.besoccer.com/match/swansea-city-afc/nottingham-forest-fc/202175956,2021,30,championship,/match/swansea-city-afc/nottingham-forest-fc/2021,"Wednesday, 17 February 2021, 20:00", Eltringham G.,1,0,0,0,Home Win
352,Barnsley,Blackburn Rovers,2-1,https://www.besoccer.com/match/barnsley-fc/blackburn-rovers-fc/202175952,2021,30,championship,/match/barnsley-fc/blackburn-rovers-fc/2021,"Wednesday, 17 February 2021, 20:45", Donohue M.,1,0,1,0,Home Win
353,AFC Bournemouth,Rotherham United,1-0,https://www.besoccer.com/match/afc-bournemouth/rotherham-united/202175951,2021,30,championship,/match/afc-bournemouth/rotherham-united/2021,"Wednesday, 17 February 2021, 21:15", Stroud K.,0,0,3,0,Home Win
354,Watford,Derby County,2-1,https://www.besoccer.com/match/watford-fc/derby-county-fc/202175968,2021,31,championship,/match/watford-fc/derby-county-fc/2021,"Friday, 19 February 2021, 20:45", Robinson T.,2,0,2,0,Home Win
355,Coventry City,Brentford,2-0,https://www.besoccer.com/match/coventry-city/brentford/202175959,2021,31,championship,/match/coventry-city/brentford/2021,"Saturday, 20 February 2021, 13:30", Martin S.,2,0,0,0,Home Win
356,Bristol City,Barnsley,0-1,https://www.besoccer.com/match/bristol-city-fc/barnsley-fc/202175957,2021,31,championship,/match/bristol-city-fc/barnsley-fc/2021,"Saturday, 20 February 2021, 16:00", Linington J.,1,0,2,0,Away Win
357,Cardiff City,Preston North End,4-0,https://www.besoccer.com/match/cardiff-city-fc/preston-north-end/202175958,2021,31,championship,/match/cardiff-city-fc/preston-north-end/2021,"Saturday, 20 February 2021, 16:00", Simpson J.,2,0,0,0,Home Win
358,Huddersfield Town,Swansea City,4-1,https://www.besoccer.com/match/huddersfield-town-fc/swansea-city-afc/202175960,2021,31,championship,/match/huddersfield-town-fc/swansea-city-afc/2021,"Saturday, 20 February 2021, 16:00", Brooks J.,1,0,1,0,Home Win
359,Millwall,Wycombe Wanderers,0-0,https://www.besoccer.com/match/millwall-fc/wycombe-wanderers/202175961,2021,31,championship,/match/millwall-fc/wycombe-wanderers/2021,"Saturday, 20 February 2021, 16:00", Gillett J.,2,0,1,0,Draw
360,Norwich City,Rotherham United,1-0,https://www.besoccer.com/match/norwich-city-fc/rotherham-united/202175962,2021,31,championship,/match/norwich-city-fc/rotherham-united/2021,"Saturday, 20 February 2021, 16:00", Harrington T.,0,0,1,0,Home Win
361,Nottingham Forest,Blackburn Rovers,1-0,https://www.besoccer.com/match/nottingham-forest-fc/blackburn-rovers-fc/202175963,2021,31,championship,/match/nottingham-forest-fc/blackburn-rovers-fc/2021,"Saturday, 20 February 2021, 16:00", Stroud K.,2,0,1,0,Home Win
362,Queens Park Rangers,AFC Bournemouth,2-1,https://www.besoccer.com/match/queens-park-rangers-fc/afc-bournemouth/202175964,2021,31,championship,/match/queens-park-rangers-fc/afc-bournemouth/2021,"Saturday, 20 February 2021, 16:00", Bond D.,3,0,1,0,Home Win
363,Reading,Middlesbrough,0-2,https://www.besoccer.com/match/reading-fc/middlesbrough-fc/202175965,2021,31,championship,/match/reading-fc/middlesbrough-fc/2021,"Saturday, 20 February 2021, 16:00", Webb D.,2,0,2,0,Away Win
364,Sheffield Wednesday,Birmingham City,0-1,https://www.besoccer.com/match/sheffield-wednesday-fc/birmingham-city-fc/202175966,2021,31,championship,/match/sheffield-wednesday-fc/birmingham-city-fc/2021,"Saturday, 20 February 2021, 16:00", Mason L.,2,1,2,0,Away Win
365,Stoke City,Luton Town,3-0,https://www.besoccer.com/match/stoke-city/luton-town-fc/202175967,2021,31,championship,/match/stoke-city/luton-town-fc/2021,"Saturday, 20 February 2021, 16:00", Jones R.,1,0,2,0,Home Win
366,Birmingham City,Norwich City,1-3,https://www.besoccer.com/match/birmingham-city-fc/norwich-city-fc/202175969,2021,32,championship,/match/birmingham-city-fc/norwich-city-fc/2021,"Tuesday, 23 February 2021, 20:00", Langford O.,2,0,2,0,Away Win
367,Derby County,Huddersfield Town,2-0,https://www.besoccer.com/match/derby-county-fc/huddersfield-town-fc/202175970,2021,32,championship,/match/derby-county-fc/huddersfield-town-fc/2021,"Tuesday, 23 February 2021, 20:00", Eltringham G.,1,0,3,1,Home Win
368,Middlesbrough,Bristol City,1-3,https://www.besoccer.com/match/middlesbrough-fc/bristol-city-fc/202175972,2021,32,championship,/match/middlesbrough-fc/bristol-city-fc/2021,"Tuesday, 23 February 2021, 20:00", Robinson T.,1,0,2,0,Away Win
369,Luton Town,Millwall,1-1,https://www.besoccer.com/match/luton-town-fc/millwall-fc/202175971,2021,32,championship,/match/luton-town-fc/millwall-fc/2021,"Tuesday, 23 February 2021, 20:45", Scott G.,2,0,1,0,Draw
370,Rotherham United,Nottingham Forest,0-1,https://www.besoccer.com/match/rotherham-united/nottingham-forest-fc/202175973,2021,32,championship,/match/rotherham-united/nottingham-forest-fc/2021,"Tuesday, 23 February 2021, 20:45", Donohue M.,3,0,1,0,Away Win
371,Wycombe Wanderers,Reading,1-0,https://www.besoccer.com/match/wycombe-wanderers/reading-fc/202175974,2021,32,championship,/match/wycombe-wanderers/reading-fc/2021,"Tuesday, 23 February 2021, 20:45", Whitestone D.,2,1,2,0,Home Win
372,Barnsley,Stoke City,2-0,https://www.besoccer.com/match/barnsley-fc/stoke-city/202175976,2021,32,championship,/match/barnsley-fc/stoke-city/2021,"Wednesday, 24 February 2021, 20:00", Bond D.,0,0,3,0,Home Win
373,Brentford,Sheffield Wednesday,3-0,https://www.besoccer.com/match/brentford/sheffield-wednesday-fc/202175978,2021,32,championship,/match/brentford/sheffield-wednesday-fc/2021,"Wednesday, 24 February 2021, 20:00", Simpson J.,3,0,1,0,Home Win
374,Swansea City,Coventry City,1-0,https://www.besoccer.com/match/swansea-city-afc/coventry-city/202175980,2021,32,championship,/match/swansea-city-afc/coventry-city/2021,"Wednesday, 24 February 2021, 20:00", Woolmer A.,1,0,2,0,Home Win
375,AFC Bournemouth,Cardiff City,1-2,https://www.besoccer.com/match/afc-bournemouth/cardiff-city-fc/202175975,2021,32,championship,/match/afc-bournemouth/cardiff-city-fc/2021,"Wednesday, 24 February 2021, 20:45", Ward G.,3,0,4,0,Away Win
376,Blackburn Rovers,Watford,2-3,https://www.besoccer.com/match/blackburn-rovers-fc/watford-fc/202175977,2021,32,championship,/match/blackburn-rovers-fc/watford-fc/2021,"Wednesday, 24 February 2021, 20:45", Linington J.,1,0,0,0,Away Win
377,Preston North End,Queens Park Rangers,0-0,https://www.besoccer.com/match/preston-north-end/queens-park-rangers-fc/202175979,2021,32,championship,/match/preston-north-end/queens-park-rangers-fc/2021,"Wednesday, 24 February 2021, 20:45", England D.,0,0,2,0,Draw
378,Derby County,Nottingham Forest,1-1,https://www.besoccer.com/match/derby-county-fc/nottingham-forest-fc/202175986,2021,33,championship,/match/derby-county-fc/nottingham-forest-fc/2021,"Friday, 26 February 2021, 20:45", Langford O.,1,0,0,0,Draw
379,AFC Bournemouth,Watford,1-0,https://www.besoccer.com/match/afc-bournemouth/watford-fc/202175981,2021,33,championship,/match/afc-bournemouth/watford-fc/2021,"Saturday, 27 February 2021, 13:30", Harrington T.,4,1,6,1,Home Win
380,Barnsley,Millwall,2-1,https://www.besoccer.com/match/barnsley-fc/millwall-fc/202175982,2021,33,championship,/match/barnsley-fc/millwall-fc/2021,"Saturday, 27 February 2021, 16:00", Doughty L.,1,0,1,0,Home Win
381,Birmingham City,Queens Park Rangers,2-1,https://www.besoccer.com/match/birmingham-city-fc/queens-park-rangers-fc/202175983,2021,33,championship,/match/birmingham-city-fc/queens-park-rangers-fc/2021,"Saturday, 27 February 2021, 16:00", Webb D.,3,0,2,0,Home Win
382,Blackburn Rovers,Coventry City,1-1,https://www.besoccer.com/match/blackburn-rovers-fc/coventry-city/202175984,2021,33,championship,/match/blackburn-rovers-fc/coventry-city/2021,"Saturday, 27 February 2021, 16:00", Bond D.,1,0,2,1,Draw
383,Brentford,Stoke City,2-1,https://www.besoccer.com/match/brentford/stoke-city/202175985,2021,33,championship,/match/brentford/stoke-city/2021,"Saturday, 27 February 2021, 16:00", Brooks J.,1,0,3,0,Home Win
384,Luton Town,Sheffield Wednesday,3-2,https://www.besoccer.com/match/luton-town-fc/sheffield-wednesday-fc/202175987,2021,33,championship,/match/luton-town-fc/sheffield-wednesday-fc/2021,"Saturday, 27 February 2021, 16:00", Salisbury G.,1,0,2,0,Home Win
385,Middlesbrough,Cardiff City,1-1,https://www.besoccer.com/match/middlesbrough-fc/cardiff-city-fc/202175988,2021,33,championship,/match/middlesbrough-fc/cardiff-city-fc/2021,"Saturday, 27 February 2021, 16:00", Gillett J.,0,0,3,0,Draw
386,Preston North End,Huddersfield Town,3-0,https://www.besoccer.com/match/preston-north-end/huddersfield-town-fc/202175989,2021,33,championship,/match/preston-north-end/huddersfield-town-fc/2021,"Saturday, 27 February 2021, 16:00", Linington J.,2,0,3,0,Home Win
387,Rotherham United,Reading,0-1,https://www.besoccer.com/match/rotherham-united/reading-fc/202175990,2021,33,championship,/match/rotherham-united/reading-fc/2021,"Saturday, 27 February 2021, 16:00", Coote D.,3,0,0,0,Away Win
388,Swansea City,Bristol City,1-3,https://www.besoccer.com/match/swansea-city-afc/bristol-city-fc/202175991,2021,33,championship,/match/swansea-city-afc/bristol-city-fc/2021,"Saturday, 27 February 2021, 16:00", Stroud K.,1,0,2,0,Away Win
389,Wycombe Wanderers,Norwich City,0-2,https://www.besoccer.com/match/,2021,33,championship,/match/wycombe-wanderers/norwich-city-fc/2021,"Sunday, 28 February 2021, 13:00", Jones R.,3,0,1,0,Away Win
